등급,가격,개봉여부,미세손상,외관손상,내부LCD손상,화면잔상,기능불량,기종,용량
A,85000.0,개봉,없음,없음,없음,없음,없음,갤럭시 A9 (2018),128GB
D,227000.0,개봉,"전면, 후면, 테두리","전면, 후면, 테두리",없음,없음,배터리성능저하,아이폰 13 미니,128GB
C,71000.0,개봉,없음,전면,없음,없음,없음,갤럭시 S10E,128GB
D,389000.0,개봉,없음,"전면, 후면, 테두리",없음,없음,배터리성능저하,아이폰 12 프로 맥스,128GB
E,123000.0,개봉,"전면, 테두리","전면, 테두리",LCD 파손,없음,검수중,갤럭시S21 울트라,256GB
A,135000.0,개봉,없음,없음,없음,없음,없음,갤럭시 A90,128GB
B,679000.0,개봉,테두리,없음,없음,없음,없음,아이폰 13 프로맥스,256GB
C,192000.0,개봉,전면,후면,없음,없음,없음,갤럭시 노트 10 플러스,512GB
E,20000.0,개봉,테두리,"전면, 테두리",LCD 파손,터치,검수중,갤럭시 노트 10,256GB
D,145000.0,개봉,없음,전면,없음,없음,없음,아이폰 XR,128GB
D,65000.0,개봉,전면,전면,없음,없음,생체인식,아이폰 SE3 (2022),128GB
A,317000.0,개봉,없음,없음,없음,없음,없음,아이폰 11 프로,256GB
C,71000.0,개봉,테두리,전면,없음,없음,없음,갤럭시 S10E,128GB
C,88000.0,개봉,없음,테두리,없음,없음,없음,아이폰 8,256GB
F,20000.0,개봉,없음,없음,없음,없음,"생체인식, 전원, 충전, 배터리성능저하",아이폰 11 프로,256GB
E,1000.0,개봉,없음,없음,LCD 파손,없음,검수중,아이패드 에어 4세대 Wifi,64GB
D,349000.0,개봉,"전면, 테두리",없음,없음,없음,배터리성능저하,아이폰 12 프로,256GB
D,252000.0,개봉,"전면, 후면, 테두리",후면,없음,없음,없음,아이폰 11 프로 맥스,64GB
D,182000.0,개봉,테두리,없음,없음,없음,배터리성능저하,아이폰 12 미니,128GB
D,267000.0,개봉,없음,없음,없음,없음,배터리성능저하,아이폰 13 미니,128GB
A,344000.0,개봉,없음,없음,없음,없음,없음,아이폰 12,128GB
C,83000.0,개봉,없음,테두리,없음,없음,없음,갤럭시 노트 8,256GB
A,557000.0,개봉,없음,없음,없음,없음,없음,아이폰 12 프로 맥스,256GB
D,182000.0,개봉,"전면, 후면, 테두리",없음,없음,없음,배터리성능저하,아이폰 12 미니,128GB
A,118000.0,개봉,없음,없음,없음,없음,없음,갤럭시 A23,128GB
D,257000.0,개봉,없음,후면,없음,없음,배터리성능저하,아이폰 11 프로,256GB
C,415000.0,개봉,없음,후면,없음,없음,없음,아이폰 13 프로,128GB
D,225000.0,개봉,"전면, 후면, 테두리","전면, 후면, 테두리",없음,없음,없음,아이폰 11 프로,256GB
D,182000.0,개봉,"전면, 테두리",테두리,없음,없음,배터리성능저하,아이폰 12 미니,128GB
C,412000.0,개봉,없음,테두리,없음,없음,없음,아이폰 14,128GB
D,192000.0,개봉,테두리,테두리,없음,없음,배터리성능저하,아이폰 12,64GB
D,312000.0,개봉,"전면, 테두리",테두리,없음,없음,배터리성능저하,아이폰 12 프로,128GB
A,452000.0,개봉,없음,없음,없음,없음,없음,아이폰 11 프로 맥스,512GB
B,165000.0,개봉,테두리,없음,없음,없음,없음,아이폰 X,64GB
B,324000.0,개봉,테두리,없음,없음,없음,없음,갤럭시 S22,256GB
D,25000.0,개봉,테두리,"전면, 후면",없음,없음,생체인식,아이폰 8,64GB
A,634000.0,개봉,없음,없음,없음,없음,없음,갤럭시 S22 울트라,256GB
D,152000.0,개봉,테두리,테두리,없음,없음,없음,아이폰 11,128GB
B,317000.0,개봉,테두리,없음,없음,없음,없음,아이폰 11 프로,256GB
B,510000.0,개봉,테두리,없음,없음,없음,없음,아이폰 13,256GB
C,142000.0,개봉,없음,테두리,없음,없음,없음,아이폰 SE3 (2022),128GB
E,40000.0,개봉,"전면, 후면","전면, 후면",없음,없음,"카메라, 생체인식, 배터리성능저하",아이폰 X,64GB
A,45000.0,개봉,없음,없음,없음,없음,없음,갤럭시 A10,32GB
E,110000.0,개봉,"전면, 테두리","전면, 후면, 테두리",LCD 파손,배터리성능저하,검수중,아이폰 11,64GB
E,25000.0,개봉,테두리,"전면, 테두리",LCD 파손,없음,검수중,갤럭시 S10,128GB
C,267000.0,개봉,없음,테두리,없음,없음,없음,아이폰 11 프로,256GB
A,105000.0,개봉,없음,없음,없음,없음,없음,갤럭시 S9,64GB
A,344000.0,개봉,없음,없음,없음,없음,없음,갤럭시Z플립4,256GB
D,322000.0,개봉,없음,없음,없음,없음,없음,아이폰 12 프로,128GB
D,322000.0,개봉,"전면, 테두리",없음,없음,없음,배터리성능저하,아이폰 12 프로,128GB
F,1000.0,개봉,"전면, 후면, 테두리","전면, 후면, 테두리",LCD 파손,"카메라, 생체인식, 전원, 충전, 터치, 진동, 스피커, 마이크",검수중,갤럭시 S7,32GB
B,62000.0,개봉,후면,없음,없음,없음,없음,아이폰 7,128GB
D,322000.0,개봉,없음,테두리,없음,없음,배터리성능저하,아이폰 12 프로,128GB
C,182000.0,개봉,"전면, 테두리",없음,없음,없음,없음,아이폰 12 미니,128GB
E,17000.0,개봉,"후면, 테두리",전면,LCD 파손,"터치, 카메라, 생체인식",검수중,갤럭시 Z플립3,256GB
C,277000.0,개봉,없음,테두리,없음,없음,없음,아이폰 13 미니,128GB
A,630000.0,개봉,없음,없음,없음,없음,없음,아이폰 13 프로,256GB
C,63000.0,개봉,없음,전면,없음,없음,없음,갤럭시 S8,64GB
A,354000.0,개봉,없음,없음,없음,없음,없음,갤럭시Z플립4,512GB
D,197000.0,개봉,테두리,없음,없음,없음,배터리성능저하,아이폰 11,128GB
C,267000.0,개봉,전면,테두리,없음,없음,없음,아이폰 11 프로,256GB
E,3000.0,개봉,"전면, 후면, 테두리",전면,없음,잔상있음,없음,갤럭시 S7 엣지,32GB
D,267000.0,개봉,"전면, 테두리",후면,없음,없음,배터리성능저하,아이폰 11 프로,256GB
A,570000.0,개봉,없음,없음,없음,없음,없음,아이폰 12 프로 맥스,256GB
D,197000.0,개봉,"전면, 테두리",전면,없음,없음,배터리성능저하,아이폰 11 프로,64GB
S,760000.0,미개봉,없음,없음,없음,없음,없음,아이폰 13 프로,256GB
A,334000.0,개봉,없음,없음,없음,없음,없음,갤럭시 S20 울트라,256GB
F,12000.0,개봉,없음,없음,없음,없음,"전원, 충전",아이패드 9세대 Wifi,64GB
A,1016000.0,개봉,없음,없음,없음,없음,없음,아이폰 14 프로맥스,256GB
E,5000.0,개봉,전면,전면,LCD 파손,없음,검수중,갤럭시 Z플립,256GB
D,95000.0,개봉,"전면, 후면, 테두리","전면, 후면, 테두리",없음,없음,배터리성능저하,아이폰 SE2 (2020),128GB
S,540000.0,미개봉,없음,없음,없음,없음,없음,아이패드 프로 11 4세대 Wifi,128GB
B,440000.0,개봉,테두리,없음,없음,없음,없음,아이폰 13,128GB
D,354000.0,개봉,"전면, 후면","전면, 후면",없음,없음,없음,아이폰 11 프로 맥스,512GB
D,490000.0,개봉,전면,전면,없음,없음,없음,아이폰 13 프로,256GB
A,946000.0,개봉,없음,없음,없음,없음,없음,아이폰 14 프로맥스,128GB
A,650000.0,개봉,없음,없음,없음,없음,없음,아이폰 13 프로맥스,128GB
C,197000.0,개봉,전면,없음,없음,없음,없음,아이패드 프로 12.9 4세대 Wifi,512GB
A,207000.0,개봉,없음,없음,없음,없음,없음,갤럭시 S10 5G,256GB
D,125000.0,개봉,"전면, 후면, 테두리","전면, 후면, 테두리",없음,없음,없음,아이폰 XR,64GB
C,410000.0,개봉,"전면, 후면, 테두리","전면, 후면, 테두리",없음,없음,없음,갤럭시 S23,256GB
E,140000.0,개봉,테두리,없음,없음,없음,"배터리성능저하, 스피커, 마이크, 진동",아이폰 XR,128GB
D,147000.0,개봉,없음,"후면, 테두리",없음,없음,배터리성능저하,아이폰 12 미니,64GB
E,82000.0,개봉,"후면, 테두리",후면,없음,없음,터치,갤럭시 Z폴드3,256GB
D,550000.0,개봉,테두리,없음,없음,없음,"배터리성능저하, 카메라",아이폰 13 프로맥스,1024GB
D,497000.0,개봉,전면,후면,없음,없음,배터리성능저하,아이폰 13 프로,256GB
C,364000.0,개봉,없음,테두리,없음,없음,없음,갤럭시Z플립5,256GB
A,307000.0,개봉,없음,없음,없음,없음,없음,아이폰 SE3 (2022),256GB
D,125000.0,개봉,없음,없음,없음,없음,배터리성능저하,아이폰 8 플러스,64GB
D,227000.0,개봉,없음,없음,없음,없음,배터리성능저하,아이폰 11 프로,64GB
E,147000.0,개봉,"전면, 후면, 테두리","전면, 후면",없음,없음,"터치, 배터리성능저하",아이폰 11 프로,256GB
D,192000.0,개봉,없음,"후면, 테두리",없음,없음,배터리성능저하,아이폰 12 미니,128GB
E,137000.0,개봉,전면,"후면, 테두리",없음,잔상있음,없음,갤럭시 노트 10 플러스,256GB
A,495000.0,개봉,없음,없음,없음,없음,없음,아이폰 12 프로,256GB
B,475000.0,개봉,테두리,없음,없음,없음,없음,아이폰 12 프로,512GB
E,103000.0,개봉,전면,"전면, 테두리",LCD 파손,배터리성능저하,검수중,아이폰 11,64GB
E,25000.0,개봉,"전면, 테두리",전면,LCD 파손,없음,검수중,갤럭시 S10,128GB
B,202000.0,개봉,"후면, 테두리",없음,없음,없음,없음,갤럭시 노트 10 플러스,256GB
D,610000.0,개봉,"전면, 후면","전면, 후면",없음,없음,없음,아이폰 14 프로,128GB
D,162000.0,개봉,"전면, 테두리",후면,없음,없음,배터리성능저하,아이폰 13,128GB
C,125000.0,개봉,없음,테두리,없음,없음,없음,아이폰 8 플러스,64GB
C,359000.0,개봉,없음,테두리,없음,없음,없음,아이폰 12 프로,256GB
D,217000.0,개봉,"후면, 테두리",후면,없음,없음,배터리성능저하,아이폰 11 프로,64GB
E,425000.0,개봉,테두리,전면,없음,잔상있음,없음,아이폰 14 프로,128GB
D,88000.0,개봉,"전면, 후면","전면, 테두리",없음,없음,없음,아이폰 SE2 (2020),128GB
A,212000.0,개봉,없음,없음,없음,없음,없음,아이폰 12 미니,64GB
A,410000.0,개봉,없음,없음,없음,없음,없음,아이폰 12 프로,128GB
D,248000.0,개봉,후면,후면,없음,없음,"생체인식, 배터리성능저하",아이폰 12 프로,128GB
D,192000.0,개봉,"전면, 테두리","후면, 테두리",없음,없음,배터리성능저하,아이폰 12,64GB
D,2000.0,개봉,"후면, 테두리",없음,없음,없음,계정잠김,아이폰 6,16GB
E,90000.0,개봉,테두리,후면,LCD 파손,없음,검수중,아이폰 XS,256GB
D,207000.0,개봉,테두리,전면,없음,없음,배터리성능저하,아이폰 11 프로,64GB
E,62000.0,개봉,테두리,전면,LCD 파손,배터리성능저하,검수중,아이폰 12 미니,128GB
D,359000.0,개봉,없음,없음,없음,없음,배터리성능저하,아이폰 11 프로 맥스,256GB
C,442000.0,개봉,없음,없음,없음,없음,배터리성능저하,아이폰 12 프로 맥스,256GB
A,339000.0,개봉,"후면, 테두리","후면, 테두리",없음,없음,없음,아이폰 13 미니,128GB
A,339000.0,개봉,없음,없음,없음,없음,없음,아이폰 13 미니,128GB
B,182000.0,개봉,테두리,없음,없음,없음,없음,갤럭시 노트20,256GB
D,20000.0,개봉,테두리,전면,없음,없음,없음,아이폰 SE,64GB
C,162000.0,개봉,없음,후면,없음,없음,없음,아이폰 XS,256GB
D,207000.0,개봉,"전면, 테두리","전면, 테두리",없음,없음,없음,아이폰 11 프로,64GB
D,182000.0,개봉,"전면, 후면, 테두리","후면, 테두리",없음,없음,배터리성능저하,아이폰 12,64GB
E,82000.0,개봉,테두리,테두리,LCD 파손,"카메라, 배터리성능저하",검수중,아이폰 13 프로,128GB
A,172000.0,개봉,없음,없음,없음,없음,없음,아이폰 SE2 (2020),128GB
A,105000.0,개봉,없음,없음,없음,없음,없음,갤럭시 S8 플러스,128GB
A,755000.0,개봉,없음,없음,없음,없음,없음,갤럭시Z폴드4,256GB
E,22000.0,개봉,"전면, 테두리","전면, 테두리",LCD 파손,없음,검수중,아이폰 7,32GB
E,1000.0,개봉,전면,전면,LCD 파손,"생체인식, 카메라",검수중,아이폰 14 프로,128GB
A,317000.0,개봉,없음,없음,없음,없음,없음,아이폰 XS Max,64GB
E,1000.0,개봉,"전면, 후면","전면, 후면",LCD 파손,"생체인식, 카메라, 터치",검수중,아이폰 14 프로,128GB
C,415000.0,개봉,"전면, 후면",후면,없음,없음,없음,아이폰 13 프로,128GB
A,460000.0,개봉,없음,없음,없음,없음,없음,아이폰 13,128GB
D,520000.0,개봉,없음,테두리,없음,없음,배터리성능저하,아이폰 13 프로,256GB
E,92000.0,개봉,테두리,없음,LCD 파손,"생체인식, 배터리성능저하",검수중,아이폰 11 프로,256GB
C,277000.0,개봉,전면,없음,없음,없음,없음,아이폰 11 프로,256GB
D,82000.0,개봉,테두리,없음,없음,없음,배터리성능저하,아이폰 SE2 (2020),64GB
C,100000.0,개봉,"전면, 후면, 테두리",없음,없음,없음,없음,아이폰 SE2 (2020),64GB
D,384000.0,개봉,테두리,없음,없음,없음,배터리성능저하,아이폰 13,128GB
D,312000.0,개봉,"전면, 후면","전면, 후면",없음,없음,배터리성능저하,아이폰 12 프로,256GB
D,322000.0,개봉,전면,테두리,없음,없음,배터리성능저하,아이폰 12 프로,128GB
B,227000.0,개봉,테두리,없음,없음,없음,없음,갤럭시S21 플러스,256GB
A,1016000.0,개봉,전면,테두리,없음,없음,배터리성능저하,아이폰 14 프로맥스,256GB
B,105000.0,개봉,없음,없음,없음,없음,없음,갤럭시 S20FE,128GB
E,182000.0,개봉,테두리,없음,없음,없음,없음,아이폰 11 프로,256GB
E,182000.0,개봉,테두리,없음,LCD 파손,없음,검수중,아이폰 11 프로,256GB
D,22000.0,개봉,"전면, 후면, 테두리","전면, 후면, 테두리",없음,없음,배터리성능저하,아이폰 6S,32GB
E,172000.0,개봉,테두리,"전면, 후면",LCD 파손,배터리성능저하,검수중,아이폰 13 프로,256GB
C,172000.0,개봉,없음,"후면, 테두리",없음,없음,없음,갤럭시S21,256GB
C,207000.0,개봉,없음,테두리,없음,없음,없음,아이폰 11,128GB
A,585000.0,개봉,없음,없음,없음,없음,없음,갤럭시 S23,256GB
D,120000.0,개봉,없음,없음,없음,없음,펜분실,갤럭시 노트 10,256GB
D,322000.0,개봉,테두리,테두리,없음,없음,배터리성능저하,아이폰 12 프로,128GB
D,62000.0,개봉,"전면, 후면, 테두리","전면, 후면",없음,없음,없음,아이폰 8,64GB
C,65000.0,개봉,"전면, 후면, 테두리","전면, 후면, 테두리",없음,없음,카메라,갤럭시 A90,128GB
A,262000.0,개봉,없음,없음,없음,없음,없음,아이폰 12 미니,128GB
D,177000.0,개봉,"전면, 후면, 테두리","전면, 후면, 테두리",없음,없음,없음,아이폰 12 미니,128GB
F,2000.0,개봉,"후면, 테두리","전면, 테두리",없음,없음,"계정잠김, 전원, 충전",아이폰 6,32GB
C,322000.0,개봉,테두리,테두리,없음,없음,없음,아이폰 12 프로,128GB
C,242000.0,개봉,테두리,후면,없음,없음,없음,아이폰 12,256GB
C,110000.0,개봉,전면,전면,없음,없음,없음,갤럭시 노트 9,128GB
E,1000.0,개봉,전면,전면,LCD 파손,생체인식,검수중,아이패드 미니 6세대 Wifi,64GB
C,72000.0,개봉,"후면, 테두리",테두리,없음,없음,없음,아이폰 8,64GB
B,155000.0,개봉,테두리,없음,없음,없음,없음,아이폰 SE2 (2020),128GB
C,147000.0,개봉,테두리,후면,없음,없음,없음,아이폰 XS,256GB
D,192000.0,개봉,없음,없음,없음,없음,배터리성능저하,아이폰 12 미니,128GB
D,9000.0,개봉,없음,없음,없음,없음,"배터리성능저하, 계정잠김",아이패드 미니 3세대 Wifi,32GB
D,242000.0,개봉,테두리,없음,없음,없음,배터리성능저하,아이폰 12,128GB
E,1000.0,개봉,"전면, 테두리",테두리,LCD 파손,"카메라, 와이파이, 배터리성능저하",검수중,아이폰 12,128GB
C,550000.0,개봉,테두리,테두리,없음,없음,없음,아이폰 13 프로맥스,128GB
D,345000.0,개봉,후면,후면,없음,없음,배터리성능저하,아이폰 12 프로 맥스,256GB
D,364000.0,개봉,"전면, 후면, 테두리","전면, 테두리",없음,없음,배터리성능저하,아이폰 13,128GB
D,35000.0,개봉,없음,없음,없음,없음,배터리성능저하,아이패드 7세대 Wifi,32GB
F,2000.0,개봉,없음,"전면, 테두리",LCD 파손,"전원, 생체인식, 계정잠김, 터치",검수중,아이폰 6,16GB
E,7000.0,개봉,없음,"전면, 테두리",LCD 파손,없음,검수중,아이폰 SE,16GB
D,108000.0,개봉,전면,없음,없음,없음,배터리성능저하,아이폰 X,64GB
A,645000.0,개봉,없음,없음,없음,없음,없음,갤럭시 S22 울트라,256GB
E,125000.0,개봉,전면,전면,LCD 파손,배터리성능저하,검수중,아이폰 11 프로,64GB
D,77000.0,개봉,"전면, 후면, 테두리","전면, 후면, 테두리",없음,없음,생체인식,아이폰 12 미니,64GB
E,247000.0,개봉,"전면, 후면, 테두리","전면, 후면, 테두리",LCD 파손,배터리성능저하,검수중,아이폰 12 프로 맥스,256GB
C,242000.0,개봉,"후면, 테두리","후면, 테두리",없음,없음,없음,아이폰 12,128GB
D,192000.0,개봉,없음,테두리,없음,없음,배터리성능저하,아이폰 12,64GB
S,811000.0,미개봉,없음,없음,없음,없음,없음,갤럭시Z플립5,256GB
D,227000.0,개봉,테두리,없음,없음,없음,배터리성능저하,아이폰 11 프로,64GB
C,192000.0,개봉,테두리,"후면, 테두리",없음,없음,없음,아이폰 12 미니,128GB
D,207000.0,개봉,전면,없음,없음,없음,배터리성능저하,아이폰 11,128GB
D,510000.0,개봉,전면,후면,없음,없음,배터리성능저하,아이폰 13 프로,256GB
E,35000.0,개봉,전면,전면,LCD 파손,없음,검수중,갤럭시 A31,64GB
E,82000.0,개봉,"후면, 테두리",없음,LCD 파손,"터치, 배터리성능저하",검수중,아이폰 12 미니,128GB
E,14000.0,개봉,"전면, 후면, 테두리",테두리,LCD 파손,없음,검수중,갤럭시 Z플립3,256GB
A,95000.0,개봉,없음,없음,없음,없음,없음,갤럭시 S8,64GB
C,242000.0,개봉,없음,"후면, 테두리",없음,없음,없음,아이폰 12,128GB
D,339000.0,개봉,전면,"전면, 테두리",없음,없음,배터리성능저하,아이폰 12 프로,256GB
C,127000.0,개봉,없음,"후면, 테두리",없음,없음,없음,갤럭시 S20,128GB
E,43000.0,개봉,전면,"전면, 테두리",없음,없음,배터리성능저하,갤럭시 S8 플러스,128GB
C,156000.0,개봉,테두리,"전면, 테두리",없음,없음,없음,갤럭시S21,256GB
C,425000.0,개봉,"후면, 테두리",전면,없음,잔상있음,없음,아이폰 14,128GB
C,12000.0,개봉,테두리,테두리,없음,없음,없음,갤럭시 J7 (2017),32GB
E,67000.0,개봉,전면,테두리,없음,없음,없음,아이폰 X,256GB
C,12000.0,개봉,전면,전면,없음,없음,없음,갤럭시 J7 (2017),32GB
E,67000.0,개봉,없음,없음,LCD 파손,배터리성능저하,검수중,아이폰 X,256GB
B,425000.0,개봉,테두리,없음,없음,없음,없음,아이폰 12 프로,128GB
A,152000.0,개봉,테두리,없음,없음,없음,없음,아이폰 SE2 (2020),64GB
D,22000.0,개봉,없음,없음,없음,없음,없음,아이폰 7,128GB
E,187000.0,개봉,전면,테두리,없음,없음,생체인식,아이폰 13 프로,512GB
C,103000.0,개봉,"전면, 후면, 테두리","전면, 후면, 테두리",LCD 파손,"배터리성능저하, 터치",검수중,갤럭시 노트 9,128GB
A,27000.0,개봉,"전면, 후면",전면,없음,없음,없음,갤럭시 J5 (2017),32GB
E,47000.0,개봉,없음,없음,없음,없음,없음,갤럭시Z플립4,256GB
F,2000.0,개봉,테두리,없음,LCD 파손,없음,검수중,아이폰 6,16GB
F,2000.0,개봉,없음,없음,LCD 파손,"전원, 충전",검수중,아이폰 6,16GB
B,92000.0,개봉,전면,없음,없음,없음,없음,갤럭시 노트 8,64GB
A,816000.0,개봉,없음,없음,없음,없음,없음,아이폰 14 프로,128GB
E,12000.0,개봉,없음,없음,LCD 파손,없음,검수중,아이폰 6S,32GB
D,345000.0,개봉,"후면, 테두리",후면,없음,없음,카메라,아이폰 13 프로,128GB
A,520000.0,개봉,없음,없음,없음,없음,없음,갤럭시 Z폴드3,256GB
A,1156000.0,개봉,없음,없음,없음,없음,없음,아이폰 15 프로,256GB
E,162000.0,개봉,"전면, 테두리","전면, 테두리",LCD 파손,배터리성능저하,검수중,아이폰 11 프로,256GB
C,670000.0,개봉,없음,테두리,없음,없음,없음,아이폰 14 프로,128GB
E,90000.0,개봉,"전면, 후면, 테두리",전면,LCD 파손,없음,검수중,갤럭시 노트20 울트라,512GB
D,384000.0,개봉,없음,없음,없음,없음,"카메라, 배터리성능저하",아이폰 13 프로,128GB
B,575000.0,개봉,전면,없음,없음,없음,없음,갤럭시 S22 울트라,512GB
A,1056000.0,개봉,없음,없음,없음,없음,없음,아이폰 15 프로,128GB
A,482000.0,개봉,없음,없음,없음,없음,없음,아이폰 12 프로,256GB
E,272000.0,개봉,전면,없음,없음,없음,"배터리성능저하, 스피커, 마이크, 진동",아이폰 12 프로,128GB
D,359000.0,개봉,테두리,없음,없음,없음,배터리성능저하,아이폰 12 프로,256GB
C,142000.0,개봉,"후면, 테두리","후면, 테두리",없음,없음,카메라,갤럭시S21 플러스,256GB
A,735000.0,개봉,없음,없음,없음,없음,없음,아이폰 15,256GB
A,237000.0,개봉,없음,없음,없음,없음,없음,아이패드 미니 6세대 Wifi,64GB
A,595000.0,개봉,없음,없음,없음,없음,없음,갤럭시Z플립5,256GB
A,400000.0,개봉,없음,없음,없음,없음,없음,갤럭시 노트20 울트라,256GB
D,95000.0,개봉,"전면, 후면, 테두리","전면, 후면",없음,없음,없음,아이폰 SE2 (2020),128GB
C,182000.0,개봉,"전면, 후면",테두리,없음,없음,없음,아이폰 XR,256GB
C,460000.0,개봉,없음,테두리,없음,없음,없음,아이폰 13 프로,128GB
D,384000.0,개봉,없음,테두리,없음,없음,"카메라, 배터리성능저하",아이폰 13 프로,128GB
A,237000.0,개봉,없음,없음,없음,없음,없음,갤럭시 노트20,256GB
A,530000.0,개봉,없음,없음,없음,없음,없음,아이폰 13,256GB
C,192000.0,개봉,테두리,테두리,없음,없음,없음,아이폰 12 미니,128GB
D,130000.0,개봉,"전면, 후면, 테두리","전면, 후면, 테두리",없음,없음,배터리성능저하,아이폰 12 미니,64GB
D,187000.0,개봉,"전면, 테두리",전면,없음,없음,"배터리성능저하, 생체인식",아이폰 11 프로,256GB
D,130000.0,개봉,"전면, 후면, 테두리","전면, 테두리",없음,없음,배터리성능저하,아이폰 12 미니,64GB
A,615000.0,개봉,없음,없음,없음,없음,없음,갤럭시Z플립5,512GB
C,182000.0,개봉,"전면, 후면",없음,없음,없음,없음,아이폰 SE3 (2022),256GB
C,806000.0,개봉,테두리,테두리,없음,없음,없음,아이폰 14 프로맥스,128GB
B,545000.0,개봉,테두리,없음,없음,없음,없음,아이폰 13 프로,128GB
D,425000.0,개봉,없음,테두리,없음,없음,배터리성능저하,아이폰 14,128GB
C,192000.0,개봉,없음,테두리,없음,없음,없음,아이폰 12 미니,128GB
F,2000.0,개봉,"전면, 후면, 테두리","전면, 후면, 테두리",LCD 파손,"전원, 터치, 생체인식",검수중,갤럭시S21 플러스,256GB
A,187000.0,개봉,없음,없음,없음,없음,없음,아이폰 X,64GB
D,135000.0,개봉,테두리,전면,없음,없음,배터리성능저하,아이폰 XS,256GB
D,394000.0,개봉,전면,없음,없음,없음,배터리성능저하,아이폰 13,128GB
C,147000.0,개봉,테두리,테두리,없음,없음,없음,아이폰 12 미니,64GB
A,354000.0,개봉,없음,없음,없음,없음,없음,아이폰 12,128GB
C,242000.0,개봉,없음,테두리,없음,없음,없음,아이폰 12,128GB
E,57000.0,개봉,"전면, 후면, 테두리","전면, 후면",LCD 파손,없음,검수중,아이폰 12,64GB
D,450000.0,개봉,전면,"후면, 테두리",없음,없음,배터리성능저하,아이폰 13 프로,128GB
E,84000.0,개봉,"후면, 테두리",테두리,없음,잔상있음,없음,갤럭시 A33,128GB
E,419000.0,개봉,없음,없음,LCD 파손,없음,검수중,아이폰 14 프로맥스,128GB
D,2000.0,개봉,후면,테두리,없음,없음,계정잠김,아이폰 6,16GB
C,102000.0,개봉,없음,전면,없음,없음,없음,갤럭시 S9 플러스,64GB
A,765000.0,개봉,없음,없음,없음,없음,없음,갤럭시Z폴드4,512GB
A,287000.0,개봉,없음,없음,없음,없음,없음,아이폰 SE3 (2022),128GB
E,130000.0,개봉,전면,테두리,LCD 파손,배터리성능저하,검수중,아이폰 12,256GB
A,267000.0,개봉,없음,없음,없음,없음,없음,갤럭시 Z플립3,256GB
E,27000.0,개봉,"전면, 후면, 테두리","전면, 후면, 테두리",LCD 파손,없음,검수중,아이폰 7 플러스,128GB
D,354000.0,개봉,"전면, 후면, 테두리","전면, 후면, 테두리",없음,없음,배터리성능저하,아이폰 13,128GB
C,202000.0,개봉,전면,"후면, 테두리",없음,없음,없음,아이폰 12 미니,256GB
D,105000.0,개봉,전면,후면,없음,없음,생체인식,아이폰 XS,64GB
A,710000.0,개봉,전면,후면,없음,없음,생체인식,아이폰 13 프로맥스,256GB
B,137000.0,개봉,없음,없음,없음,없음,없음,갤럭시 노트 10,256GB
C,182000.0,개봉,전면,없음,없음,없음,없음,갤럭시 노트 10 플러스,256GB
D,105000.0,개봉,전면,테두리,없음,없음,없음,아이폰 XS,64GB
E,123000.0,개봉,"전면, 테두리",후면,없음,없음,"생체인식, 배터리성능저하",아이폰 11,128GB
E,123000.0,개봉,"전면, 후면","전면, 후면, 테두리",LCD 파손,배터리성능저하,검수중,아이폰 11,128GB
D,359000.0,개봉,없음,없음,없음,없음,배터리성능저하,아이폰 12 프로,256GB
E,47000.0,개봉,"전면, 후면, 테두리","전면, 후면, 테두리",LCD 파손,없음,검수중,아이폰 X,256GB
A,387000.0,개봉,없음,없음,없음,없음,없음,갤럭시 노트20 울트라,512GB
E,314000.0,개봉,"전면, 테두리","전면, 테두리",LCD 파손,없음,검수중,갤럭시 S23 울트라,256GB
D,105000.0,개봉,"후면, 테두리",전면,없음,없음,없음,아이폰 SE2 (2020),256GB
C,334000.0,개봉,테두리,테두리,없음,없음,없음,아이폰 13 미니,256GB
D,115000.0,개봉,테두리,전면,없음,없음,없음,아이폰 X,256GB
D,82000.0,개봉,"전면, 후면, 테두리","후면, 테두리",없음,없음,배터리성능저하,아이폰 SE2 (2020),64GB
D,108000.0,개봉,후면,전면,없음,없음,없음,아이폰 X,256GB
D,166000.0,개봉,전면,없음,없음,없음,배터리성능저하,아이폰 11,64GB
D,344000.0,개봉,"전면, 후면, 테두리","전면, 후면, 테두리",없음,없음,배터리성능저하,아이폰 13,128GB
A,480000.0,개봉,없음,없음,없음,없음,없음,갤럭시 S22 플러스,256GB
E,1000.0,개봉,없음,없음,없음,없음,없음,아이폰 12 미니,64GB
D,192000.0,개봉,"후면, 테두리",없음,없음,없음,배터리성능저하,아이폰 12,64GB
C,595000.0,개봉,"전면, 후면, 테두리",후면,없음,없음,없음,아이폰 13 프로맥스,256GB
C,172000.0,개봉,없음,전면,없음,없음,없음,갤럭시S21,256GB
D,322000.0,개봉,없음,후면,없음,없음,배터리성능저하,아이폰 12 프로,128GB
A,267000.0,개봉,없음,후면,없음,없음,배터리성능저하,갤럭시 Z플립3,256GB
A,217000.0,개봉,없음,없음,없음,없음,없음,아이폰 SE3 (2022),64GB
A,399000.0,개봉,없음,없음,없음,없음,없음,아이폰 13 미니,256GB
A,552000.0,개봉,없음,없음,없음,없음,없음,아이폰 13 프로,128GB
B,490000.0,개봉,없음,없음,없음,없음,없음,아이폰 12 프로 맥스,128GB
A,650000.0,개봉,"후면, 테두리",없음,없음,없음,없음,아이폰 14,256GB
A,17000.0,개봉,없음,없음,없음,없음,없음,아이폰 5S,16GB
A,655000.0,개봉,없음,없음,없음,없음,없음,갤럭시 S22 울트라,512GB
D,23000.0,개봉,"전면, 후면, 테두리",테두리,없음,없음,배터리성능저하,아이폰 6S,32GB
B,786000.0,개봉,테두리,없음,없음,없음,없음,아이폰 14 프로,128GB
C,172000.0,개봉,"전면, 테두리",테두리,없음,없음,없음,갤럭시S21,256GB
B,242000.0,개봉,테두리,없음,없음,없음,없음,아이폰 12 미니,128GB
C,242000.0,개봉,테두리,테두리,없음,없음,없음,아이폰 12,128GB
E,77000.0,개봉,"전면, 후면, 테두리","전면, 후면, 테두리",LCD 파손,없음,검수중,아이폰 XR,64GB
A,445000.0,개봉,없음,없음,없음,없음,없음,아이폰 12 프로,128GB
D,197000.0,개봉,"전면, 후면, 테두리",후면,없음,없음,배터리성능저하,아이폰 11,128GB
A,916000.0,개봉,없음,없음,없음,없음,없음,아이폰 14 프로,512GB
D,242000.0,개봉,없음,없음,없음,없음,배터리성능저하,아이폰 12,128GB
A,432000.0,개봉,없음,없음,없음,없음,없음,아이폰 12 프로,128GB
E,62000.0,개봉,전면,전면,LCD 파손,터치,검수중,아이폰 12 미니,128GB
A,47000.0,개봉,없음,없음,없음,없음,없음,갤럭시 A7 (2017),32GB
A,152000.0,개봉,없음,없음,없음,없음,없음,갤럭시 노트 9,128GB
E,1000.0,개봉,테두리,테두리,없음,잔상있음,없음,아이폰 13 미니,128GB
C,192000.0,개봉,테두리,후면,없음,없음,없음,아이폰 12 미니,128GB
E,17000.0,개봉,"전면, 후면",전면,LCD 파손,없음,검수중,갤럭시 노트 9,128GB
D,162000.0,개봉,"전면, 후면, 테두리",후면,없음,없음,배터리성능저하,아이폰 XS,256GB
C,162000.0,개봉,"전면, 테두리",없음,없음,없음,없음,아이폰 XR,64GB
C,86000.0,개봉,"전면, 후면, 테두리","전면, 후면, 테두리",없음,없음,"스피커, 마이크",갤럭시 A32,64GB
C,128000.0,개봉,후면,후면,없음,없음,없음,아이폰 XR,64GB
C,85000.0,개봉,없음,"후면, 테두리",없음,없음,없음,갤럭시 S9,64GB
C,279000.0,개봉,없음,없음,없음,없음,"스피커, 마이크",갤럭시 Z폴드3,256GB
D,207000.0,개봉,없음,없음,없음,없음,"스피커, 마이크",아이폰 11 프로,64GB
D,207000.0,개봉,전면,전면,없음,없음,배터리성능저하,아이폰 11 프로,64GB
B,217000.0,개봉,테두리,없음,없음,없음,없음,아이폰 XS,256GB
D,135000.0,개봉,테두리,없음,없음,없음,생체인식,아이폰 XR,128GB
C,182000.0,개봉,테두리,후면,없음,없음,없음,아이폰 12 미니,128GB
D,339000.0,개봉,없음,전면,없음,없음,없음,아이폰 12 프로,256GB
C,740000.0,개봉,테두리,테두리,없음,없음,없음,아이폰 14 프로,256GB
C,59000.0,개봉,없음,후면,없음,없음,없음,갤럭시 A42 5G,128GB
B,162000.0,개봉,테두리,없음,없음,없음,없음,갤럭시 S10 5G,256GB
E,2000.0,개봉,"전면, 후면, 테두리",없음,LCD 파손,없음,검수중,아이패드 에어 2세대 Wifi,64GB
D,45000.0,개봉,테두리,테두리,없음,없음,배터리성능저하,아이패드 미니 5세대 Wifi,64GB
A,565000.0,개봉,없음,없음,없음,없음,없음,아이폰 13 프로,128GB
E,42000.0,개봉,"전면, 후면, 테두리","전면, 후면, 테두리",LCD 파손,없음,검수중,갤럭시 와이드5,128GB
D,730000.0,개봉,테두리,후면,없음,없음,배터리성능저하,아이폰 14 프로,256GB
B,314000.0,개봉,테두리,없음,없음,없음,없음,갤럭시 Z폴드3,256GB
C,90000.0,개봉,없음,전면,없음,없음,없음,갤럭시 노트 8,256GB
A,344000.0,개봉,없음,없음,없음,없음,없음,아이폰 11 프로,256GB
E,1000.0,개봉,"전면, 테두리",없음,없음,없음,터치,아이패드 미니 4세대 Wifi,16GB
C,1000.0,개봉,"후면, 테두리","후면, 테두리",없음,없음,없음,갤럭시 노트 3,64GB
C,1000.0,개봉,"후면, 테두리",테두리,없음,없음,없음,갤럭시 노트 3,64GB
D,192000.0,개봉,테두리,테두리,없음,없음,배터리성능저하,아이폰 12 미니,128GB
E,167000.0,개봉,없음,테두리,없음,없음,터치,아이폰 11,256GB
A,886000.0,개봉,없음,없음,없음,없음,없음,아이폰 14 프로,256GB
C,192000.0,개봉,없음,후면,없음,없음,없음,아이폰 12 미니,128GB
D,620000.0,개봉,없음,전면,없음,없음,배터리성능저하,아이폰 14 프로,128GB
A,334000.0,개봉,없음,없음,없음,없음,없음,갤럭시Z플립4,256GB
C,329000.0,개봉,테두리,"전면, 후면",없음,없음,없음,갤럭시 S22 플러스,256GB
D,50000.0,개봉,전면,전면,없음,없음,없음,아이폰 6S 플러스,64GB
D,227000.0,개봉,전면,테두리,없음,없음,배터리성능저하,아이폰 11 프로,64GB
E,1000.0,개봉,없음,전면,없음,잔상있음,없음,아이폰 12 미니,256GB
B,92000.0,개봉,전면,없음,없음,없음,없음,갤럭시 A23,128GB
D,302000.0,개봉,없음,"전면, 후면",없음,없음,없음,아이폰 12 프로,128GB
A,505000.0,개봉,없음,없음,없음,없음,없음,아이폰 12 프로,512GB
D,165000.0,개봉,테두리,전면,없음,없음,"생체인식, 배터리성능저하",아이폰 11 프로,64GB
C,182000.0,개봉,전면,테두리,없음,없음,없음,아이폰 11,64GB
D,222000.0,개봉,"전면, 테두리","전면, 테두리",없음,없음,배터리성능저하,아이폰 12,128GB
C,70000.0,개봉,"전면, 테두리",전면,없음,없음,없음,갤럭시 S8,64GB
E,115000.0,개봉,테두리,테두리,LCD 파손,"카메라, 배터리성능저하",검수중,아이폰 11,128GB
D,339000.0,개봉,테두리,"전면, 테두리",없음,없음,배터리성능저하,아이폰 12 프로,256GB
C,172000.0,개봉,없음,테두리,없음,없음,없음,갤럭시Z플립4,256GB
D,540000.0,개봉,전면,없음,없음,없음,배터리성능저하,아이폰 13 프로,512GB
D,162000.0,개봉,전면,"전면, 테두리",없음,없음,없음,아이폰 11,64GB
E,30000.0,개봉,테두리,전면,LCD 파손,없음,검수중,아이폰 X,64GB
D,95000.0,개봉,"전면, 후면, 테두리","전면, 후면, 테두리",없음,없음,배터리성능저하,아이폰 X,64GB
A,650000.0,개봉,없음,없음,없음,없음,없음,아이폰 13 프로,512GB
D,374000.0,개봉,테두리,후면,없음,없음,"배터리성능저하, 카메라",아이폰 13 프로,128GB
E,312000.0,개봉,"전면, 테두리",후면,없음,잔상있음,배터리성능저하,아이폰 12 프로 맥스,256GB
E,116000.0,개봉,"전면, 후면, 테두리","전면, 후면, 테두리",없음,잔상있음,"배터리성능저하, 스피커, 마이크, 진동",아이폰 11 프로 맥스,64GB
S,1045000.0,미개봉,없음,없음,없음,없음,없음,갤럭시 S23 울트라,512GB
E,359000.0,개봉,테두리,테두리,없음,없음,"배터리성능저하, 스피커, 마이크, 진동",아이폰 12 프로 맥스,128GB
B,322000.0,개봉,테두리,없음,없음,없음,없음,아이폰 13 미니,128GB
A,670000.0,개봉,없음,없음,없음,없음,없음,아이폰 14 플러스,256GB
E,103000.0,개봉,전면,없음,없음,잔상있음,없음,갤럭시 S10 플러스,128GB
C,125000.0,개봉,전면,후면,없음,없음,없음,아이폰 8 플러스,64GB
A,545000.0,개봉,없음,없음,없음,없음,없음,아이폰 13,1024GB
D,339000.0,개봉,"후면, 테두리","전면, 후면, 테두리",없음,없음,없음,아이폰 12 프로,256GB
A,881000.0,개봉,없음,없음,없음,없음,없음,갤럭시 S23 울트라,256GB
D,419000.0,개봉,"전면, 테두리",없음,없음,없음,배터리성능저하,아이폰 12 프로 맥스,128GB
C,45000.0,개봉,전면,"전면, 후면",없음,없음,없음,갤럭시 A80,128GB
D,399000.0,개봉,"전면, 테두리","전면, 테두리",없음,없음,배터리성능저하,아이폰 12 프로 맥스,128GB
D,40000.0,개봉,테두리,전면,없음,없음,배터리성능저하,아이폰 7,32GB
E,1000.0,개봉,"전면, 후면, 테두리","전면, 테두리",LCD 파손,없음,검수중,아이폰 12 미니,128GB
D,242000.0,개봉,없음,테두리,없음,없음,배터리성능저하,아이폰 12,128GB
B,207000.0,개봉,후면,없음,없음,없음,없음,갤럭시S21,256GB
D,359000.0,개봉,테두리,후면,없음,없음,배터리성능저하,아이폰 12 프로,256GB
C,192000.0,개봉,없음,테두리,없음,없음,없음,아이폰 12,64GB
E,67000.0,개봉,없음,없음,없음,잔상있음,없음,갤럭시 노트 9,128GB
D,155000.0,개봉,전면,전면,없음,없음,없음,아이폰 11,64GB
D,312000.0,개봉,없음,없음,없음,없음,배터리성능저하,아이폰 12 프로,128GB
E,82000.0,개봉,없음,없음,LCD 파손,"배터리성능저하, 카메라",검수중,아이폰 13 프로,128GB
F,7000.0,개봉,없음,없음,LCD 파손,"배터리성능저하, 카메라",검수중,아이폰 7,32GB
D,322000.0,개봉,"후면, 테두리",없음,없음,없음,"전원, 충전, 배터리성능저하",아이폰 12 프로,128GB
A,1031000.0,개봉,전면,없음,없음,없음,배터리성능저하,갤럭시 폴드5,256GB
D,374000.0,개봉,없음,없음,없음,없음,없음,아이폰 13,128GB
B,996000.0,개봉,"후면, 테두리","후면, 테두리",없음,없음,배터리성능저하,아이폰 14 프로맥스,256GB
C,147000.0,개봉,테두리,없음,없음,없음,없음,갤럭시 노트20,256GB
C,147000.0,개봉,테두리,테두리,없음,없음,없음,갤럭시 노트20,256GB
D,147000.0,개봉,테두리,테두리,없음,없음,배터리성능저하,아이폰 12 미니,64GB
E,17000.0,개봉,"전면, 후면","전면, 후면",LCD 파손,없음,검수중,갤럭시 노트 9,128GB
D,17000.0,개봉,테두리,없음,없음,없음,배터리성능저하,아이폰 6,32GB
C,289000.0,개봉,없음,테두리,없음,없음,없음,갤럭시 노트20 울트라,256GB
A,93000.0,개봉,없음,없음,없음,없음,없음,갤럭시 S9,64GB
D,18000.0,개봉,"전면, 후면, 테두리","전면, 테두리",없음,없음,없음,아이폰 SE,64GB
A,520000.0,개봉,없음,없음,없음,없음,없음,갤럭시 Z폴드3,512GB
B,535000.0,개봉,"후면, 테두리","후면, 테두리",없음,없음,없음,아이폰 14,128GB
C,62000.0,미개봉,없음,없음,없음,없음,없음,아이폰 7 플러스,128GB
S,881000.0,개봉,없음,테두리,없음,없음,"배터리성능저하, 카메라",아이폰 13 프로맥스,256GB
D,170000.0,개봉,"전면, 후면","전면, 후면",없음,없음,없음,아이폰 12,128GB
D,83000.0,개봉,"전면, 후면, 테두리",테두리,없음,없음,없음,아이폰 X,64GB
C,455000.0,개봉,없음,없음,없음,없음,없음,아이폰 12 프로 맥스,256GB
A,344000.0,미개봉,없음,없음,없음,없음,없음,아이폰 11 프로,256GB
S,1661000.0,개봉,전면,테두리,없음,없음,없음,아이폰 15 프로,1024GB
C,162000.0,개봉,후면,테두리,없음,없음,없음,아이폰 XS,256GB
D,207000.0,개봉,없음,없음,없음,없음,배터리성능저하,아이폰 11,128GB
A,65000.0,개봉,없음,없음,없음,없음,없음,갤럭시 A30,32GB
D,222000.0,개봉,"전면, 후면, 테두리","전면, 후면, 테두리",없음,없음,배터리성능저하,아이폰 12,256GB
D,312000.0,개봉,"후면, 테두리",후면,없음,없음,"생체인식, 배터리성능저하",아이폰 12 프로,256GB
D,207000.0,개봉,후면,없음,없음,없음,배터리성능저하,아이폰 11,128GB
C,172000.0,개봉,없음,테두리,없음,없음,없음,아이폰 XR,128GB
E,142000.0,개봉,테두리,테두리,LCD 파손,생체인식,검수중,아이폰 11 프로,256GB
D,75000.0,개봉,없음,없음,없음,없음,배터리성능저하,아이폰 SE2 (2020),64GB
D,192000.0,개봉,"전면, 후면, 테두리","후면, 테두리",없음,없음,배터리성능저하,아이폰 12,64GB
B,292000.0,개봉,"후면, 테두리",없음,없음,없음,없음,아이폰 13 미니,128GB
C,135000.0,개봉,없음,후면,없음,없음,없음,갤럭시 S20 플러스,256GB
C,277000.0,개봉,후면,테두리,없음,없음,없음,아이폰 13 미니,128GB
E,24000.0,개봉,"후면, 테두리",테두리,없음,잔상있음,없음,갤럭시 A21S,32GB
D,142000.0,개봉,없음,전면,없음,없음,없음,아이폰 XS,256GB
D,326000.0,개봉,"전면, 후면, 테두리","전면, 후면, 테두리",없음,없음,없음,아이폰 13,128GB
A,886000.0,개봉,"전면, 후면, 테두리","전면, 후면, 테두리",없음,없음,없음,아이폰 14 프로,256GB
C,244000.0,개봉,없음,없음,없음,없음,없음,아이폰 11 프로,256GB
A,881000.0,개봉,"전면, 테두리",테두리,없음,없음,없음,갤럭시 S23 울트라,256GB
E,42000.0,개봉,"전면, 테두리","전면, 테두리",LCD 파손,없음,검수중,갤럭시 S20,128GB
D,605000.0,개봉,테두리,테두리,없음,없음,배터리성능저하,아이폰 13 프로맥스,256GB
D,740000.0,개봉,없음,없음,없음,없음,배터리성능저하,아이폰 14 프로,256GB
E,103000.0,개봉,"전면, 후면, 테두리","전면, 후면, 테두리",LCD 파손,배터리성능저하,검수중,아이폰 11,64GB
E,80000.0,개봉,테두리,"전면, 테두리",없음,잔상있음,배터리성능저하,아이폰 8,256GB
D,277000.0,개봉,"후면, 테두리",테두리,없음,없음,배터리성능저하,아이폰 13 미니,128GB
D,125000.0,개봉,"전면, 후면, 테두리",테두리,없음,없음,없음,아이폰 11,64GB
C,125000.0,개봉,"전면, 후면, 테두리","전면, 후면, 테두리",없음,없음,없음,갤럭시 Z플립3,256GB
D,222000.0,개봉,테두리,"전면, 후면",없음,없음,없음,아이폰 12,128GB
F,1000.0,개봉,"전면, 후면, 테두리",전면,LCD 파손,전원,검수중,갤럭시 S7,32GB
F,17000.0,개봉,"전면, 후면, 테두리","전면, 후면, 테두리",LCD 파손,"전원, 충전",검수중,아이폰 X,64GB
D,201000.0,개봉,없음,테두리,없음,없음,없음,아이폰 12,128GB
D,242000.0,개봉,"전면, 테두리",전면,없음,없음,없음,아이폰 12,128GB
C,450000.0,개봉,테두리,테두리,없음,없음,배터리성능저하,아이폰 13 프로,128GB
D,510000.0,개봉,"전면, 테두리",후면,없음,없음,없음,아이폰 13 프로,256GB
D,27000.0,개봉,테두리,후면,없음,없음,배터리성능저하,아이폰 6S,32GB
F,2000.0,개봉,테두리,없음,없음,없음,배터리성능저하,아이폰 6S,32GB
C,455000.0,개봉,테두리,없음,없음,없음,"전원, 충전, 배터리성능저하",아이폰 12 프로 맥스,256GB
C,455000.0,개봉,없음,"후면, 테두리",없음,없음,없음,아이폰 12 프로 맥스,256GB
E,157000.0,개봉,테두리,없음,LCD 파손,배터리성능저하,검수중,아이폰 11,128GB
C,520000.0,개봉,"전면, 테두리",테두리,없음,없음,없음,아이폰 13 프로,256GB
E,78000.0,개봉,"전면, 후면, 테두리","전면, 후면, 테두리",LCD 파손,"카메라, 터치",검수중,갤럭시 노트20 울트라,256GB
C,135000.0,개봉,"전면, 테두리",테두리,없음,없음,없음,아이폰 XR,64GB
A,334000.0,개봉,없음,없음,없음,없음,없음,갤럭시 S20 울트라,512GB
B,90000.0,개봉,없음,없음,없음,없음,없음,갤럭시 노트 8,256GB
E,110000.0,개봉,"후면, 테두리",없음,없음,없음,없음,아이폰 12 프로,256GB
E,83000.0,개봉,"후면, 테두리","후면, 테두리",없음,없음,생체인식,갤럭시 S10 5G,256GB
E,83000.0,개봉,없음,전면,없음,잔상있음,없음,갤럭시 S10 5G,256GB
D,354000.0,개봉,"전면, 테두리","전면, 테두리",없음,없음,"카메라, 배터리성능저하",아이폰 13 프로,128GB
E,67000.0,개봉,"전면, 테두리","전면, 테두리",없음,없음,"카메라, 배터리성능저하",아이폰 X,256GB
C,105000.0,개봉,테두리,없음,없음,없음,없음,갤럭시 노트 9,128GB
A,645000.0,개봉,"전면, 후면, 테두리","전면, 후면, 테두리",없음,없음,펜분실,갤럭시 S22 울트라,256GB
D,339000.0,개봉,없음,없음,없음,없음,없음,아이폰 12 프로,256GB
D,339000.0,개봉,없음,전면,없음,없음,배터리성능저하,아이폰 12 프로,256GB
E,2000.0,개봉,없음,전면,없음,없음,배터리성능저하,아이폰 6S,64GB
A,1301000.0,개봉,없음,전면,없음,없음,배터리성능저하,아이폰 15 프로맥스,256GB
E,2000.0,개봉,"전면, 테두리","전면, 테두리",LCD 파손,"배터리성능저하, 스피커, 마이크, 진동",검수중,아이폰 6S,64GB
A,1301000.0,개봉,없음,없음,없음,없음,없음,아이폰 15 프로맥스,256GB
C,460000.0,개봉,테두리,테두리,없음,없음,없음,아이폰 13 프로,128GB
C,206000.0,개봉,"후면, 테두리",테두리,없음,없음,없음,아이폰 11 프로,64GB
E,90000.0,개봉,"전면, 후면, 테두리","전면, 후면, 테두리",LCD 파손,없음,검수중,갤럭시 노트20 울트라,256GB
E,7000.0,개봉,"전면, 후면, 테두리","전면, 후면, 테두리",LCD 파손,없음,검수중,아이폰 12 미니,128GB
A,655000.0,개봉,후면,없음,없음,없음,배터리성능저하,아이폰 15,128GB
C,92000.0,개봉,없음,없음,없음,없음,없음,아이패드 프로 12.9 3세대 Wifi,256GB
C,92000.0,개봉,테두리,테두리,없음,없음,없음,아이패드 프로 12.9 3세대 Wifi,256GB
D,192000.0,개봉,테두리,후면,없음,없음,배터리성능저하,아이폰 12,64GB
E,19000.0,개봉,테두리,"전면, 테두리",LCD 파손,계정잠김,검수중,아이폰 11,128GB
E,20000.0,개봉,없음,전면,LCD 파손,없음,검수중,갤럭시 S10 5G,256GB
C,540000.0,개봉,"전면, 테두리",없음,없음,없음,없음,아이폰 13 프로,256GB
B,83000.0,개봉,전면,없음,없음,없음,없음,갤럭시 S10E,128GB
D,460000.0,개봉,없음,테두리,없음,없음,배터리성능저하,아이폰 13,256GB
C,394000.0,개봉,없음,테두리,없음,없음,없음,아이폰 13,128GB
C,78000.0,개봉,없음,전면,없음,없음,없음,갤럭시 S10E,128GB
E,125000.0,개봉,없음,테두리,없음,없음,배터리성능저하,아이폰 11 프로,256GB
C,110000.0,개봉,"전면, 후면","전면, 후면",없음,없음,없음,갤럭시 노트 9,128GB
D,105000.0,개봉,없음,테두리,없음,없음,"카메라, 배터리성능저하",아이폰 XR,64GB
C,359000.0,개봉,전면,테두리,없음,없음,없음,아이폰 12 프로,256GB
E,25000.0,개봉,"전면, 후면, 테두리","전면, 후면, 테두리",LCD 파손,없음,검수중,갤럭시 S10,128GB
S,665000.0,미개봉,없음,없음,없음,없음,없음,갤럭시 S23,256GB
E,95000.0,개봉,"전면, 테두리","전면, 테두리",없음,잔상있음,없음,갤럭시S21,256GB
E,47000.0,개봉,"전면, 테두리","전면, 테두리",없음,잔상있음,없음,갤럭시Z플립4,256GB
D,192000.0,개봉,테두리,테두리,LCD 파손,터치,검수중,아이폰 12,64GB
F,1000.0,개봉,"후면, 테두리",테두리,없음,없음,배터리성능저하,갤럭시 S10,128GB
F,1000.0,개봉,"전면, 테두리","전면, 테두리",LCD 파손,"터치, 충전",검수중,갤럭시 S10,128GB
D,1000.0,개봉,"전면, 테두리","전면, 테두리",없음,없음,없음,아이패드 프로 11 1세대 LTE,256GB
D,247000.0,개봉,"전면, 테두리","전면, 테두리",없음,없음,배터리성능저하,아이폰 11 프로,256GB
C,394000.0,개봉,전면,없음,없음,없음,없음,아이폰 12 프로,256GB
D,37000.0,개봉,"전면, 후면, 테두리","전면, 후면, 테두리",없음,없음,없음,아이폰 7,128GB
E,105000.0,개봉,테두리,전면,없음,없음,없음,아이폰 11 프로,256GB
B,55000.0,개봉,"후면, 테두리",없음,없음,없음,없음,아이폰 7,128GB
D,17000.0,개봉,없음,테두리,없음,없음,펜분실,갤럭시 노트 5,64GB
E,9000.0,개봉,없음,전면,LCD 파손,펜분실,검수중,갤럭시 노트 8,64GB
D,17000.0,개봉,없음,없음,없음,없음,펜분실,갤럭시 노트 5,64GB
D,267000.0,개봉,없음,후면,없음,없음,배터리성능저하,아이폰 11 프로,256GB
D,435000.0,개봉,없음,"전면, 후면",없음,없음,없음,아이폰 12 프로 맥스,256GB
A,72000.0,개봉,없음,없음,없음,없음,없음,갤럭시 A9 Pro,128GB
D,359000.0,개봉,"후면, 테두리",테두리,없음,없음,배터리성능저하,아이폰 12 프로,256GB
C,172000.0,개봉,테두리,테두리,없음,없음,없음,갤럭시Z플립4,256GB
C,490000.0,개봉,전면,전면,없음,없음,생체인식,갤럭시 S22 울트라,256GB
D,237000.0,개봉,없음,전면,없음,없음,없음,아이폰 11 프로,256GB
D,102000.0,개봉,테두리,"전면, 테두리",없음,없음,배터리성능저하,아이폰 8 플러스,64GB
C,17000.0,개봉,테두리,"전면, 테두리",없음,없음,배터리성능저하,갤럭시 M20,32GB
B,242000.0,개봉,전면,전면,없음,없음,없음,아이폰 12 미니,128GB
D,322000.0,개봉,테두리,없음,없음,없음,없음,아이폰 12 프로,128GB
D,12000.0,개봉,테두리,없음,없음,없음,없음,아이패드 7세대 Wifi,32GB
D,170000.0,개봉,후면,테두리,없음,없음,배터리성능저하,아이폰 12 미니,128GB
C,125000.0,개봉,테두리,전면,없음,없음,없음,갤럭시 S10,128GB
C,192000.0,개봉,없음,전면,없음,없음,없음,아이폰 12 미니,128GB
C,125000.0,개봉,"전면, 후면, 테두리","전면, 후면, 테두리",없음,없음,없음,갤럭시 S10,128GB
A,284000.0,개봉,없음,없음,없음,없음,없음,갤럭시S21,256GB
A,135000.0,개봉,없음,없음,없음,없음,없음,갤럭시 A71 (퀀텀),128GB
C,130000.0,개봉,테두리,후면,없음,없음,없음,갤럭시 S10 5G,256GB
A,257000.0,개봉,없음,없음,없음,없음,없음,갤럭시 Z플립3,256GB
C,83000.0,개봉,테두리,전면,없음,없음,없음,갤럭시 노트 8,64GB
B,630000.0,개봉,테두리,없음,없음,없음,없음,아이폰 13 프로,512GB
D,207000.0,개봉,전면,전면,없음,없음,생체인식,아이폰 11 프로,256GB
C,202000.0,개봉,"전면, 후면, 테두리","전면, 후면, 테두리",없음,없음,없음,갤럭시 노트 10 플러스,512GB
E,77000.0,개봉,테두리,"전면, 후면",LCD 파손,없음,검수중,아이폰 XR,64GB
D,322000.0,개봉,테두리,"전면, 후면",LCD 파손,없음,검수중,아이폰 12 프로,128GB
C,359000.0,개봉,없음,없음,없음,없음,배터리성능저하,아이폰 12 프로,256GB
D,359000.0,개봉,없음,테두리,없음,없음,없음,아이폰 12 프로,256GB
D,277000.0,개봉,테두리,없음,없음,없음,배터리성능저하,아이폰 13 미니,128GB
C,95000.0,개봉,없음,없음,없음,없음,배터리성능저하,갤럭시 S9 플러스,64GB
A,344000.0,개봉,후면,테두리,없음,없음,없음,갤럭시Z플립4,256GB
C,17000.0,개봉,없음,없음,없음,없음,없음,갤럭시 M20,32GB
E,67000.0,개봉,전면,전면,없음,없음,없음,갤럭시 노트 9,128GB
E,67000.0,개봉,"전면, 후면, 테두리","전면, 테두리",없음,잔상있음,카메라,갤럭시 노트 9,128GB
C,447000.0,개봉,테두리,테두리,없음,없음,없음,아이폰 13,256GB
E,135000.0,개봉,"전면, 후면, 테두리","전면, 후면, 테두리",LCD 파손,터치,검수중,아이폰 13,128GB
C,460000.0,개봉,테두리,테두리,없음,없음,없음,아이폰 13,256GB
D,197000.0,개봉,테두리,전면,없음,없음,없음,아이폰 11,256GB
D,267000.0,개봉,없음,없음,없음,없음,배터리성능저하,아이폰 11 프로,256GB
E,110000.0,개봉,"전면, 후면, 테두리","전면, 후면, 테두리",LCD 파손,터치,검수중,아이폰 11,64GB
C,125000.0,개봉,테두리,테두리,없음,없음,없음,갤럭시 Z플립3,256GB
D,424000.0,개봉,테두리,"전면, 후면",없음,없음,배터리성능저하,아이폰 13 프로,128GB
C,495000.0,개봉,전면,없음,없음,없음,없음,아이폰 14,256GB
A,800000.0,개봉,테두리,테두리,없음,없음,없음,아이폰 14 프로,128GB
A,237000.0,개봉,없음,없음,없음,없음,없음,아이폰 XR,128GB
C,125000.0,개봉,없음,없음,없음,없음,없음,아이폰 8 플러스,64GB
D,207000.0,개봉,없음,없음,없음,없음,없음,아이폰 11,128GB
B,187000.0,개봉,테두리,테두리,없음,없음,없음,아이폰 XS,64GB
A,881000.0,개봉,없음,없음,없음,없음,배터리성능저하,갤럭시 S23 울트라,256GB
B,187000.0,개봉,테두리,없음,없음,없음,없음,아이폰 XS,64GB
A,394000.0,개봉,없음,없음,없음,없음,없음,아이패드 에어 5세대 Wifi,256GB
E,110000.0,개봉,"전면, 후면, 테두리",테두리,없음,없음,"배터리성능저하, 스피커, 마이크, 진동",아이폰 XS,64GB
D,72000.0,개봉,없음,없음,없음,없음,배터리성능저하,아이폰 8,64GB
D,105000.0,개봉,테두리,없음,없음,없음,배터리성능저하,아이폰 SE2 (2020),128GB
A,165000.0,개봉,테두리,없음,없음,없음,배터리성능저하,아이폰 SE2 (2020),128GB
B,550000.0,개봉,없음,없음,없음,없음,없음,아이폰 12 프로 맥스,256GB
D,115000.0,개봉,테두리,없음,없음,없음,없음,아이폰 XS,64GB
D,207000.0,개봉,없음,"전면, 후면, 테두리",없음,없음,없음,아이폰 11 프로,64GB
D,207000.0,개봉,"전면, 테두리",전면,없음,없음,배터리성능저하,아이폰 11 프로,64GB
D,267000.0,개봉,테두리,테두리,없음,없음,배터리성능저하,아이폰 11 프로,256GB
C,125000.0,개봉,없음,테두리,없음,없음,없음,갤럭시 Z플립3,256GB
A,125000.0,개봉,없음,없음,없음,없음,없음,아이폰 8,64GB
E,87000.0,개봉,"후면, 테두리",테두리,없음,없음,"배터리성능저하, 카메라",아이폰 11 프로,256GB
D,322000.0,개봉,후면,후면,없음,없음,배터리성능저하,아이폰 12 프로,128GB
D,207000.0,개봉,없음,테두리,없음,없음,배터리성능저하,아이폰 11,128GB
B,620000.0,개봉,테두리,없음,없음,없음,없음,아이폰 14,256GB
E,47000.0,개봉,없음,없음,LCD 파손,없음,검수중,갤럭시Z플립4,256GB
D,182000.0,개봉,후면,후면,없음,없음,배터리성능저하,아이폰 12,64GB
C,309000.0,개봉,테두리,테두리,없음,없음,없음,갤럭시S21 울트라,256GB
F,2000.0,개봉,"전면, 후면, 테두리","전면, 후면, 테두리",없음,없음,"전원, 충전",아이폰 6S,64GB
C,87000.0,개봉,전면,"후면, 테두리",없음,없음,없음,갤럭시 S20FE,128GB
B,182000.0,개봉,후면,없음,없음,없음,없음,갤럭시 노트20,256GB
S,961000.0,미개봉,없음,없음,없음,없음,없음,아이폰 15,256GB
B,354000.0,개봉,전면,없음,없음,없음,없음,갤럭시S21 울트라,256GB
C,125000.0,개봉,"후면, 테두리",테두리,없음,없음,없음,갤럭시 Z플립3,256GB
E,22000.0,개봉,테두리,전면,LCD 파손,펜분실,검수중,갤럭시 노트 10,256GB
B,47000.0,개봉,"후면, 테두리",없음,없음,없음,없음,갤럭시 A30,32GB
E,47000.0,개봉,없음,없음,LCD 파손,없음,검수중,갤럭시Z플립4,512GB
C,83000.0,개봉,없음,없음,LCD 파손,없음,검수중,갤럭시 노트 8,64GB
C,570000.0,개봉,"전면, 후면, 테두리","전면, 후면, 테두리",없음,없음,없음,아이폰 14 플러스,256GB
D,113000.0,개봉,없음,테두리,없음,없음,없음,갤럭시 노트 10,256GB
D,172000.0,개봉,테두리,없음,없음,없음,펜분실,아이폰 12,64GB
C,118000.0,개봉,테두리,테두리,없음,없음,배터리성능저하,갤럭시 Z플립3,256GB
C,118000.0,개봉,테두리,테두리,없음,없음,"스피커, 마이크",갤럭시 Z플립3,256GB
E,90000.0,개봉,"후면, 테두리","후면, 테두리",LCD 파손,"터치, 배터리성능저하",검수중,아이폰 XR,64GB
E,1000.0,개봉,전면,"후면, 테두리",없음,잔상있음,"카메라, 생체인식, 터치",옵티머스 2X,16GB
C,730000.0,개봉,전면,후면,없음,없음,없음,아이폰 14 프로,256GB
C,322000.0,개봉,없음,후면,없음,없음,없음,아이폰 12 프로,128GB
E,92000.0,개봉,"전면, 테두리",테두리,LCD 파손,없음,검수중,아이폰 11 프로,64GB
D,252000.0,개봉,없음,"후면, 테두리",없음,없음,카메라,아이폰 12 프로,128GB
D,187000.0,개봉,"전면, 후면, 테두리","전면, 후면, 테두리",없음,없음,배터리성능저하,아이폰 11,128GB
A,237000.0,개봉,없음,없음,없음,없음,없음,아이폰 XR,256GB
S,1261000.0,미개봉,없음,없음,없음,없음,없음,아이폰 15 프로,256GB
D,45000.0,개봉,"전면, 후면",없음,없음,없음,배터리성능저하,아이폰 6S,64GB
D,460000.0,개봉,테두리,없음,없음,없음,배터리성능저하,아이폰 13 프로,128GB
E,21000.0,개봉,"전면, 후면, 테두리","전면, 후면, 테두리",LCD 파손,터치,검수중,갤럭시 S9,64GB
C,725000.0,개봉,전면,없음,없음,없음,없음,아이폰 14 프로,128GB
C,102000.0,개봉,후면,후면,없음,없음,없음,갤럭시 S9 플러스,256GB
F,1000.0,개봉,전면,없음,없음,없음,전원,갤럭시 노트 8,64GB
D,207000.0,개봉,전면,테두리,없음,없음,배터리성능저하,아이폰 11,128GB
C,217000.0,개봉,전면,"후면, 테두리",없음,없음,없음,아이폰 11 프로,64GB
A,12000.0,개봉,없음,없음,없음,없음,없음,갤럭시 그랜드 맥스,16GB
A,52000.0,개봉,없음,없음,없음,없음,없음,갤럭시 노트 5,64GB
E,90000.0,개봉,없음,후면,없음,없음,"스피커, 마이크, 진동, 생체인식",아이폰 XR,64GB
D,302000.0,개봉,"전면, 테두리","전면, 후면, 테두리",없음,없음,배터리성능저하,아이폰 12 프로,128GB
C,227000.0,개봉,전면,없음,없음,없음,없음,아이폰 11,128GB
C,730000.0,개봉,없음,후면,없음,없음,없음,아이폰 14 프로,256GB
D,277000.0,개봉,없음,없음,없음,없음,배터리성능저하,아이폰 13 미니,128GB
D,102000.0,개봉,전면,전면,없음,없음,없음,아이폰 XS,64GB
A,354000.0,개봉,전면,전면,없음,없음,없음,아이폰 12,128GB
E,110000.0,개봉,없음,없음,없음,없음,없음,아이폰 12 프로,256GB
A,750000.0,개봉,없음,없음,없음,없음,생체인식,아이패드 프로 12.9 4세대 Wifi,512GB
D,192000.0,개봉,없음,없음,없음,없음,없음,아이폰 12 미니,128GB
D,229000.0,개봉,전면,"후면, 테두리",없음,없음,배터리성능저하,아이폰 12 프로,128GB
D,409000.0,개봉,전면,"후면, 테두리",없음,없음,배터리성능저하,아이폰 12 프로 맥스,128GB
C,289000.0,개봉,"전면, 테두리",없음,없음,없음,와이파이,갤럭시 S22,256GB
E,180000.0,개봉,없음,후면,없음,없음,배터리성능저하,아이폰 11,64GB
C,289000.0,개봉,없음,테두리,없음,없음,없음,갤럭시 S22,256GB
E,180000.0,개봉,"전면, 후면, 테두리","전면, 후면, 테두리",LCD 파손,배터리성능저하,검수중,아이폰 11,64GB
B,45000.0,개봉,"전면, 후면",없음,없음,없음,없음,갤럭시 A21S,32GB
D,490000.0,개봉,"전면, 후면",전면,없음,없음,없음,아이폰 13 프로,256GB
C,127000.0,개봉,"전면, 테두리","전면, 테두리",없음,없음,없음,갤럭시 S20,128GB
D,510000.0,개봉,없음,테두리,없음,없음,배터리성능저하,아이폰 14,128GB
D,105000.0,개봉,"전면, 후면, 테두리",없음,없음,없음,"생체인식, 배터리성능저하",아이폰 XS,64GB
D,252000.0,개봉,없음,테두리,없음,없음,배터리성능저하,아이폰 12,256GB
D,312000.0,개봉,"전면, 테두리",후면,없음,없음,"배터리성능저하, 생체인식",아이폰 12 프로,256GB
D,460000.0,개봉,없음,테두리,없음,없음,배터리성능저하,아이폰 13 프로,128GB
D,142000.0,개봉,"전면, 후면, 테두리","전면, 후면, 테두리",없음,없음,없음,아이폰 8 플러스,256GB
A,565000.0,개봉,없음,없음,없음,없음,없음,아이폰 14,128GB
D,1000.0,개봉,없음,전면,없음,없음,없음,아이패드 미니 2세대 Wifi,16GB
D,242000.0,개봉,전면,테두리,없음,없음,배터리성능저하,아이폰 12,128GB
D,349000.0,개봉,전면,테두리,없음,없음,"카메라, 배터리성능저하",아이폰 12 프로 맥스,128GB
E,22000.0,개봉,전면,전면,LCD 파손,없음,검수중,아이폰 7,128GB
D,460000.0,개봉,없음,없음,없음,없음,배터리성능저하,아이폰 13 프로,128GB
C,71000.0,개봉,"전면, 후면, 테두리",없음,없음,없음,없음,갤럭시 S10E,128GB
E,3000.0,개봉,후면,"전면, 테두리",LCD 파손,배터리성능저하,검수중,아이폰 6S,16GB
D,187000.0,개봉,"전면, 테두리","전면, 테두리",없음,없음,배터리성능저하,아이폰 11,128GB
B,130000.0,개봉,테두리,없음,없음,없음,없음,아이폰 12 미니,256GB
D,435000.0,개봉,테두리,전면,없음,없음,없음,아이폰 12 프로 맥스,256GB
E,87000.0,개봉,"전면, 후면, 테두리","전면, 후면, 테두리",LCD 파손,"카메라, 터치, 생체인식",검수중,갤럭시 S20 울트라,256GB
B,227000.0,개봉,"전면, 후면, 테두리","전면, 후면, 테두리",LCD 파손,"카메라, 터치, 생체인식",검수중,갤럭시S21 플러스,256GB
D,237000.0,개봉,테두리,없음,없음,없음,없음,아이폰 11 프로,256GB
A,284000.0,개봉,"전면, 후면, 테두리","전면, 후면, 테두리",없음,없음,배터리성능저하,갤럭시S21,256GB
D,307000.0,개봉,없음,없음,없음,없음,없음,아이폰 13 미니,256GB
D,322000.0,개봉,"후면, 테두리","후면, 테두리",없음,없음,배터리성능저하,아이폰 12 프로,128GB
D,307000.0,개봉,"전면, 테두리","전면, 테두리",없음,없음,배터리성능저하,아이폰 13 미니,256GB
C,15000.0,개봉,"전면, 후면, 테두리","전면, 후면, 테두리",없음,없음,없음,갤럭시 노트 5,64GB
D,349000.0,개봉,"전면, 후면, 테두리","전면, 후면, 테두리",없음,없음,없음,아이폰 12 프로,256GB
A,615000.0,개봉,테두리,없음,없음,없음,배터리성능저하,갤럭시Z플립5,512GB
E,83000.0,개봉,없음,없음,없음,없음,없음,아이폰 XS,256GB
A,267000.0,개봉,전면,테두리,LCD 파손,없음,검수중,갤럭시 Z플립3,256GB
A,570000.0,개봉,전면,테두리,LCD 파손,없음,검수중,아이폰 12 프로 맥스,256GB
D,252000.0,개봉,전면,없음,없음,없음,와이파이,아이폰 12 프로,128GB
C,384000.0,개봉,테두리,후면,없음,없음,없음,아이폰 13,128GB
F,2000.0,개봉,없음,테두리,LCD 파손,"전원, 터치",검수중,갤럭시 Z플립3,256GB
D,35000.0,개봉,"전면, 후면, 테두리","전면, 테두리",없음,없음,카메라,아이폰 8,64GB
A,95000.0,개봉,없음,없음,없음,없음,없음,갤럭시 A32,64GB
B,162000.0,개봉,후면,없음,없음,없음,없음,갤럭시 Z플립3,256GB
D,202000.0,개봉,전면,테두리,없음,없음,배터리성능저하,아이폰 12 미니,256GB
B,150000.0,개봉,테두리,없음,없음,없음,없음,갤럭시 S10 플러스,128GB
D,142000.0,개봉,테두리,"전면, 테두리",없음,없음,없음,아이폰 8 플러스,256GB
B,307000.0,개봉,테두리,없음,없음,없음,없음,아이폰 XS Max,256GB
D,135000.0,개봉,"전면, 테두리",없음,없음,없음,배터리성능저하,아이폰 XS,64GB
D,95000.0,개봉,"전면, 테두리","전면, 테두리",없음,없음,없음,아이폰 X,64GB
A,247000.0,개봉,없음,없음,없음,없음,없음,갤럭시 노트20,256GB
D,192000.0,개봉,"전면, 테두리",없음,없음,없음,배터리성능저하,아이폰 12,64GB
A,400000.0,개봉,없음,없음,없음,없음,없음,갤럭시 S22,256GB
D,207000.0,개봉,"전면, 후면, 테두리","전면, 후면, 테두리",없음,없음,배터리성능저하,아이폰 11 프로,64GB
D,389000.0,개봉,없음,"후면, 테두리",없음,없음,"배터리성능저하, 카메라",아이폰 12 프로 맥스,256GB
D,427000.0,개봉,"후면, 테두리",없음,없음,없음,"카메라, 배터리성능저하",아이폰 13 프로,256GB
D,292000.0,개봉,테두리,전면,없음,없음,없음,아이폰 12 프로,128GB
C,130000.0,개봉,없음,테두리,없음,없음,없음,갤럭시 노트 10,256GB
D,115000.0,개봉,"전면, 테두리","전면, 후면, 테두리",없음,없음,배터리성능저하,아이폰 8 플러스,64GB
A,142000.0,개봉,없음,없음,없음,없음,없음,갤럭시 S10E,128GB
C,114000.0,개봉,후면,후면,없음,없음,없음,갤럭시 S20,128GB
B,102000.0,개봉,테두리,없음,없음,없음,없음,갤럭시 S9 플러스,64GB
A,175000.0,개봉,없음,없음,없음,없음,없음,아이폰 SE2 (2020),256GB
A,517000.0,개봉,없음,없음,없음,없음,없음,아이폰 12 프로 맥스,128GB
C,187000.0,개봉,테두리,후면,LCD 파손,배터리성능저하,검수중,아이폰 11,128GB
E,67000.0,개봉,없음,없음,없음,없음,없음,아이폰 X,256GB
B,102000.0,개봉,없음,없음,없음,없음,없음,갤럭시 S9 플러스,64GB
A,460000.0,개봉,테두리,"전면, 후면",LCD 파손,배터리성능저하,검수중,아이폰 13,128GB
A,57000.0,개봉,없음,없음,없음,없음,없음,갤럭시 S7 엣지,32GB
A,57000.0,개봉,테두리,테두리,없음,없음,배터리성능저하,갤럭시 S7 엣지,32GB
A,57000.0,개봉,테두리,"전면, 후면",없음,없음,배터리성능저하,갤럭시 S7 엣지,32GB
A,98000.0,개봉,없음,없음,없음,없음,없음,갤럭시 S9,64GB
A,267000.0,개봉,전면,후면,없음,없음,"카메라, 배터리성능저하",갤럭시 Z플립3,256GB
E,155000.0,개봉,전면,없음,없음,없음,없음,아이폰 11 프로,256GB
D,242000.0,개봉,테두리,테두리,없음,없음,없음,아이폰 12,128GB
D,142000.0,개봉,없음,후면,없음,없음,없음,아이폰 XS,256GB
A,52000.0,개봉,"전면, 테두리",전면,없음,없음,펜분실,갤럭시 노트 5,64GB
D,417000.0,개봉,"전면, 테두리","전면, 테두리",없음,없음,없음,아이폰 13 프로,256GB
C,227000.0,개봉,없음,없음,없음,없음,없음,아이폰 11,128GB
A,457000.0,개봉,"전면, 테두리","전면, 테두리",없음,없음,배터리성능저하,아이폰 12 프로,256GB
C,26000.0,개봉,없음,테두리,없음,없음,없음,G7 ThinQ,64GB
C,130000.0,개봉,테두리,"전면, 테두리",없음,없음,배터리성능저하,갤럭시 노트 10,256GB
D,90000.0,개봉,없음,후면,없음,없음,와이파이,갤럭시 노트 8,64GB
D,329000.0,개봉,테두리,후면,없음,없음,카메라,아이폰 12 프로,256GB
A,988000.0,개봉,"전면, 후면, 테두리","후면, 테두리",없음,없음,카메라,아이폰 15 프로,128GB
D,292000.0,개봉,없음,없음,없음,없음,없음,아이폰 12 프로,128GB
C,605000.0,개봉,전면,"후면, 테두리",없음,없음,배터리성능저하,아이폰 13 프로맥스,256GB
D,292000.0,개봉,전면,없음,없음,없음,없음,아이폰 12 프로,128GB
D,187000.0,개봉,"전면, 테두리","전면, 테두리",없음,없음,없음,아이폰 11 프로,256GB
D,229000.0,개봉,"전면, 테두리",없음,없음,없음,없음,아이폰 12 프로,128GB
D,345000.0,개봉,테두리,테두리,없음,없음,배터리성능저하,아이폰 13 프로,128GB
A,,개봉,테두리,후면,없음,없음,없음,갤럭시 Z플립 5G,256GB
A,,개봉,"전면, 후면, 테두리","전면, 후면, 테두리",없음,잔상있음,없음,갤럭시 노트 9,128GB
C,267000.0,개봉,테두리,테두리,없음,없음,없음,아이폰 11 프로,256GB
C,110000.0,개봉,테두리,전면,없음,없음,배터리성능저하,갤럭시 노트 9,128GB
C,232000.0,개봉,테두리,전면,LCD 파손,없음,검수중,아이폰 12 프로,128GB
D,394000.0,개봉,테두리,후면,없음,없음,배터리성능저하,아이폰 13,128GB
C,749000.0,개봉,없음,없음,없음,없음,없음,아이폰 14 프로,512GB
E,57000.0,개봉,없음,없음,없음,없음,없음,아이폰 6S 플러스,64GB
C,165000.0,개봉,없음,없음,없음,없음,없음,아이폰 XR,128GB
D,130000.0,개봉,없음,없음,없음,없음,없음,아이폰 12 미니,64GB
E,87000.0,개봉,없음,없음,없음,없음,없음,갤럭시 S20 울트라,256GB
D,450000.0,개봉,없음,없음,없음,없음,없음,아이폰 13 프로,128GB
A,800000.0,개봉,없음,없음,없음,없음,없음,아이폰 14 프로,128GB
A,165000.0,개봉,"전면, 후면, 테두리","전면, 테두리",없음,없음,"터치, 배터리성능저하",갤럭시 A52S,128GB
A,455000.0,개봉,없음,없음,없음,없음,없음,아이폰 11 프로 맥스,256GB
A,480000.0,개봉,테두리,테두리,없음,없음,배터리성능저하,갤럭시 S22 플러스,256GB
E,152000.0,개봉,없음,"전면, 후면",없음,잔상있음,없음,아이폰 11 프로 맥스,64GB
A,725000.0,개봉,테두리,전면,없음,없음,배터리성능저하,갤럭시 S23 플러스,256GB
D,242000.0,개봉,전면,전면,없음,잔상있음,없음,아이폰 12,128GB
E,317000.0,개봉,"전면, 테두리",전면,없음,없음,없음,아이폰 13 프로맥스,128GB
D,95000.0,개봉,테두리,없음,없음,없음,없음,아이폰 X,64GB
D,242000.0,개봉,없음,없음,없음,없음,없음,아이폰 12,128GB
E,317000.0,개봉,없음,없음,없음,없음,없음,아이폰 13 프로맥스,128GB
D,95000.0,개봉,없음,없음,없음,없음,없음,아이폰 X,64GB
E,95000.0,개봉,전면,테두리,없음,없음,배터리성능저하,갤럭시S21,256GB
D,292000.0,개봉,"전면, 후면, 테두리",테두리,없음,없음,없음,아이폰 12 프로,128GB
E,125000.0,개봉,없음,후면,없음,없음,배터리성능저하,아이폰 11 프로,256GB
B,155000.0,개봉,"전면, 후면, 테두리","전면, 후면, 테두리",LCD 파손,"터치, 배터리성능저하",검수중,갤럭시 S10 5G,512GB
A,75000.0,개봉,테두리,"전면, 후면",없음,없음,없음,아이폰 7,32GB
A,172000.0,개봉,"전면, 후면, 테두리","전면, 후면, 테두리",없음,없음,배터리성능저하,갤럭시 Z플립,256GB
D,349000.0,개봉,"전면, 후면, 테두리","후면, 테두리",없음,없음,없음,아이폰 12 프로,256GB
C,2000.0,개봉,없음,없음,없음,없음,없음,갤럭시 J2 Pro,16GB
D,322000.0,개봉,"후면, 테두리",후면,LCD 파손,없음,검수중,아이폰 12 프로,128GB
E,93000.0,개봉,테두리,없음,없음,없음,배터리성능저하,아이폰 12,128GB
C,74000.0,개봉,전면,없음,없음,없음,없음,갤럭시 S8 플러스,64GB
D,237000.0,개봉,없음,없음,없음,없음,없음,아이폰 11 프로,256GB
C,123000.0,개봉,없음,없음,없음,없음,없음,갤럭시 노트 10,256GB
A,156000.0,개봉,테두리,없음,없음,없음,없음,아이폰 SE2 (2020),128GB
E,60000.0,개봉,테두리,없음,없음,없음,없음,아이폰 XS,64GB
D,98000.0,개봉,테두리,없음,없음,없음,없음,아이폰 SE2 (2020),128GB
C,791000.0,미개봉,없음,없음,없음,없음,없음,아이폰 14 프로,256GB
A,400000.0,개봉,"후면, 테두리","후면, 테두리",없음,없음,배터리성능저하,갤럭시 노트20 울트라,256GB
B,344000.0,개봉,"후면, 테두리","후면, 테두리",없음,없음,배터리성능저하,갤럭시S21 울트라,256GB
S,911000.0,개봉,후면,"후면, 테두리",없음,없음,펜분실,갤럭시Z플립5,512GB
D,322000.0,개봉,"후면, 테두리",없음,없음,없음,배터리성능저하,아이폰 12 프로,128GB
D,1000.0,개봉,테두리,"전면, 후면, 테두리",없음,없음,배터리성능저하,갤럭시 노트 3,16GB
D,520000.0,개봉,없음,없음,없음,없음,배터리성능저하,아이폰 13 프로,256GB
D,108000.0,개봉,없음,없음,없음,없음,배터리성능저하,아이폰 XS,64GB
D,359000.0,개봉,없음,없음,없음,없음,없음,아이폰 12 프로,256GB
D,202000.0,개봉,없음,테두리,없음,없음,없음,아이폰 12 미니,256GB
A,82000.0,개봉,테두리,없음,없음,없음,없음,갤럭시 A22,128GB
D,108000.0,개봉,"전면, 후면, 테두리",전면,없음,없음,배터리성능저하,아이폰 XS,64GB
D,359000.0,개봉,테두리,테두리,LCD 파손,"계정잠김, 배터리성능저하",검수중,아이폰 12 프로,256GB
D,202000.0,개봉,테두리,없음,없음,없음,없음,아이폰 12 미니,256GB
A,82000.0,개봉,후면,"전면, 테두리",없음,없음,없음,갤럭시 A22,128GB
C,410000.0,개봉,없음,없음,없음,없음,배터리성능저하,아이폰 13 미니,256GB
B,125000.0,개봉,없음,없음,없음,없음,배터리성능저하,갤럭시 노트 9,128GB
D,35000.0,개봉,테두리,없음,없음,없음,없음,아이폰 7,128GB
E,35000.0,개봉,테두리,없음,없음,없음,없음,아이폰 13 미니,256GB
B,425000.0,개봉,"후면, 테두리","후면, 테두리",없음,없음,배터리성능저하,아이폰 12 프로,128GB
C,68000.0,개봉,테두리,전면,없음,없음,없음,갤럭시 A51,128GB
D,394000.0,개봉,없음,전면,없음,없음,없음,아이폰 13,128GB
B,297000.0,개봉,"전면, 후면, 테두리",없음,없음,없음,없음,아이폰 12,128GB
D,312000.0,개봉,없음,전면,LCD 파손,없음,검수중,아이폰 12 프로,128GB
D,247000.0,개봉,"전면, 후면, 테두리",없음,없음,없음,없음,아이폰 11 프로,256GB
D,453000.0,개봉,후면,"전면, 테두리",없음,없음,배터리성능저하,아이폰 13 프로,256GB
C,27000.0,개봉,후면,"전면, 테두리",없음,없음,배터리성능저하,아이폰 6S,32GB
E,4000.0,개봉,없음,없음,없음,없음,없음,갤럭시 S8,64GB
C,27000.0,개봉,없음,"전면, 후면",LCD 파손,터치,검수중,아이폰 6S,32GB
D,170000.0,개봉,전면,테두리,없음,없음,"전원, 충전, 배터리성능저하",아이폰 12,64GB
A,83000.0,개봉,전면,"전면, 테두리",없음,없음,배터리성능저하,갤럭시 S8,64GB
D,170000.0,개봉,없음,없음,LCD 파손,없음,검수중,아이폰 12,64GB
A,83000.0,개봉,"후면, 테두리",테두리,없음,없음,"카메라, 배터리성능저하",갤럭시 S8,64GB
E,32000.0,개봉,"후면, 테두리",테두리,없음,없음,"카메라, 배터리성능저하",갤럭시 노트 10 플러스,256GB
F,25000.0,개봉,"전면, 후면, 테두리","전면, 후면, 테두리",없음,없음,"배터리성능저하, 생체인식",아이폰 12 미니,64GB
D,197000.0,개봉,없음,"전면, 테두리",없음,없음,없음,아이폰 11 프로,64GB
D,322000.0,개봉,"후면, 테두리",테두리,없음,없음,배터리성능저하,아이폰 12 프로 맥스,128GB
E,57000.0,개봉,테두리,테두리,없음,없음,배터리성능저하,아이폰 XS,64GB
D,103000.0,개봉,없음,없음,없음,없음,"생체인식, 배터리성능저하",아이폰 11,128GB
D,242000.0,개봉,"전면, 테두리",전면,없음,없음,없음,아이폰 12 프로,128GB
D,162000.0,개봉,"전면, 후면, 테두리","전면, 후면",없음,없음,배터리성능저하,아이폰 11,64GB
D,162000.0,개봉,테두리,없음,LCD 파손,"카메라, 배터리성능저하, 스피커, 마이크, 진동",검수중,아이폰 11,64GB
D,105000.0,개봉,테두리,없음,LCD 파손,"카메라, 배터리성능저하, 스피커, 마이크, 진동",검수중,아이폰 SE2 (2020),128GB
D,257000.0,개봉,"전면, 후면, 테두리","전면, 후면",없음,없음,배터리성능저하,아이폰 11 프로,256GB
D,22000.0,개봉,"전면, 후면, 테두리","전면, 후면",없음,없음,배터리성능저하,아이폰 7,32GB
D,95000.0,개봉,테두리,없음,LCD 파손,"카메라, 배터리성능저하, 스피커, 마이크, 진동",검수중,아이폰 SE2 (2020),128GB
D,339000.0,개봉,전면,없음,없음,없음,없음,아이폰 12 프로,256GB
E,137000.0,개봉,전면,전면,LCD 파손,없음,검수중,아이폰 11 프로 맥스,256GB
C,775000.0,개봉,전면,"후면, 테두리",없음,없음,배터리성능저하,아이폰 14 프로,256GB
E,45000.0,개봉,"전면, 후면, 테두리","전면, 후면, 테두리",LCD 파손,"터치, 카메라, 생체인식",검수중,갤럭시 S20,128GB
D,242000.0,개봉,"전면, 후면, 테두리","전면, 후면, 테두리",LCD 파손,"터치, 카메라, 생체인식",검수중,아이폰 12,128GB
E,137000.0,개봉,전면,"후면, 테두리",없음,없음,배터리성능저하,아이폰 11 프로 맥스,256GB
C,775000.0,개봉,없음,없음,없음,없음,없음,아이폰 14 프로,256GB
E,45000.0,개봉,"전면, 후면",테두리,없음,없음,"배터리성능저하, 스피커, 마이크, 진동",갤럭시 S20,128GB
D,242000.0,개봉,전면,전면,LCD 파손,와이파이,검수중,아이폰 12,128GB
E,83000.0,개봉,"전면, 후면, 테두리","전면, 후면, 테두리",없음,없음,배터리성능저하,갤럭시 노트20 울트라,256GB
D,207000.0,개봉,"전면, 후면, 테두리","전면, 후면, 테두리",없음,없음,배터리성능저하,아이폰 11,128GB
A,274000.0,개봉,"후면, 테두리",후면,없음,없음,없음,갤럭시S21,256GB
E,93000.0,개봉,없음,없음,없음,없음,없음,아이폰 12 미니,64GB
E,37000.0,개봉,없음,없음,없음,없음,없음,아이폰 12,128GB
D,339000.0,개봉,없음,테두리,없음,없음,없음,아이폰 11 프로 맥스,256GB
D,339000.0,개봉,"전면, 후면, 테두리","전면, 후면, 테두리",LCD 파손,"터치, 스피커, 마이크, 진동",검수중,아이폰 11 프로 맥스,256GB
C,142000.0,개봉,전면,전면,LCD 파손,터치,검수중,갤럭시 폴드,512GB
A,,개봉,"전면, 후면, 테두리","전면, 후면, 테두리",없음,없음,배터리성능저하,아이폰 12 미니,256GB
C,207000.0,개봉,"전면, 테두리",없음,없음,없음,없음,아이폰 11,128GB
E,75000.0,개봉,후면,없음,LCD 파손,"터치, 계정잠김",검수중,갤럭시 Z폴드3,512GB
E,47000.0,개봉,테두리,테두리,LCD 파손,없음,검수중,갤럭시Z플립4,512GB
D,212000.0,개봉,테두리,테두리,없음,없음,배터리성능저하,아이폰 12,128GB
C,394000.0,개봉,테두리,없음,없음,없음,없음,아이폰 12 프로,256GB
E,15000.0,개봉,없음,없음,없음,없음,없음,아이폰 X,64GB
E,1000.0,개봉,"전면, 후면, 테두리","후면, 테두리",없음,없음,카메라,옵티머스 G 뷰2,32GB
E,15000.0,개봉,"전면, 후면, 테두리","후면, 테두리",없음,없음,카메라,아이폰 X,64GB
E,1000.0,개봉,테두리,전면,없음,잔상있음,없음,옵티머스 G 뷰2,32GB
D,192000.0,개봉,"전면, 후면, 테두리",후면,없음,잔상있음,없음,아이폰 12,64GB
B,610000.0,개봉,"전면, 후면, 테두리","전면, 후면, 테두리",LCD 파손,없음,검수중,아이폰 13 프로,256GB
A,40000.0,개봉,없음,없음,없음,없음,없음,갤럭시 A10e,32GB
D,502000.0,개봉,없음,테두리,없음,없음,없음,아이폰 14 프로,128GB
E,64000.0,개봉,없음,테두리,없음,없음,없음,갤럭시 S9 플러스,256GB
E,67000.0,개봉,없음,테두리,없음,없음,없음,갤럭시 노트 9,512GB
E,57000.0,개봉,없음,없음,없음,없음,배터리성능저하,아이폰 12,64GB
A,215000.0,개봉,"전면, 후면, 테두리",테두리,없음,없음,배터리성능저하,아이패드 미니 6세대 Wifi,64GB
C,110000.0,개봉,테두리,"후면, 테두리",없음,없음,배터리성능저하,갤럭시 노트 9,128GB
C,98000.0,개봉,없음,없음,없음,없음,카메라,아이폰 SE2 (2020),128GB
D,182000.0,개봉,없음,없음,없음,없음,카메라,아이폰 12 미니,128GB
D,227000.0,개봉,없음,없음,없음,없음,없음,아이폰 11 프로,64GB
D,415000.0,개봉,없음,없음,없음,없음,없음,아이폰 13 프로,128GB
D,339000.0,개봉,"전면, 후면, 테두리","전면, 후면, 테두리",없음,없음,"와이파이, 배터리성능저하",아이폰 12 프로 맥스,128GB
A,495000.0,개봉,"전면, 후면, 테두리","전면, 후면, 테두리",없음,없음,"와이파이, 배터리성능저하",아이폰 12 프로,256GB
D,142000.0,개봉,"후면, 테두리","후면, 테두리",없음,없음,"배터리성능저하, 스피커, 마이크, 진동",아이폰 11 프로,64GB
E,175000.0,개봉,없음,테두리,없음,없음,배터리성능저하,아이폰 11,128GB
A,495000.0,개봉,테두리,"전면, 테두리",없음,없음,"카메라, 배터리성능저하",아이폰 12 프로,256GB
D,142000.0,개봉,없음,없음,없음,없음,와이파이,아이폰 11 프로,64GB
E,175000.0,개봉,테두리,후면,없음,없음,없음,아이폰 11,128GB
D,447000.0,개봉,후면,"전면, 테두리",없음,없음,없음,아이폰 13,256GB
D,167000.0,개봉,테두리,없음,없음,없음,없음,아이폰 11 프로,64GB
D,130000.0,개봉,테두리,전면,없음,없음,배터리성능저하,아이폰 12 미니,128GB
C,257000.0,개봉,없음,전면,LCD 파손,없음,검수중,아이폰 13 미니,128GB
D,237000.0,개봉,테두리,전면,없음,없음,없음,아이폰 11 프로,256GB
B,45000.0,개봉,없음,없음,없음,없음,없음,아이폰 SE,64GB
D,83000.0,개봉,테두리,테두리,없음,없음,카메라,아이폰 SE2 (2020),128GB
D,83000.0,개봉,없음,없음,없음,없음,없음,아이폰 SE2 (2020),128GB
E,123000.0,개봉,"후면, 테두리","후면, 테두리",없음,없음,배터리성능저하,갤럭시S21 울트라,256GB
D,197000.0,개봉,전면,없음,없음,없음,없음,아이폰 XS Max,256GB
A,354000.0,개봉,테두리,없음,LCD 파손,"터치, 전원",검수중,아이폰 12,128GB
C,42000.0,개봉,전면,전면,LCD 파손,터치,검수중,갤럭시 A80,128GB
C,110000.0,개봉,전면,전면,LCD 파손,터치,검수중,갤럭시 노트 9,128GB
C,257000.0,개봉,없음,없음,없음,없음,없음,아이폰 11 프로,256GB
A,257000.0,개봉,전면,없음,없음,없음,배터리성능저하,아이패드 9세대 Wifi,256GB
A,267000.0,개봉,없음,전면,없음,없음,없음,갤럭시 Z플립3,256GB
F,1000.0,개봉,"전면, 후면, 테두리","전면, 후면, 테두리",LCD 파손,없음,검수중,갤럭시 S9,64GB
E,45000.0,개봉,없음,없음,없음,없음,없음,갤럭시 S20 플러스,256GB
A,344000.0,개봉,없음,없음,없음,없음,없음,갤럭시Z플립4,512GB
D,192000.0,개봉,테두리,테두리,없음,없음,없음,아이폰 12 미니,128GB
D,339000.0,개봉,테두리,테두리,없음,없음,없음,아이폰 11 프로 맥스,256GB
E,40000.0,개봉,테두리,테두리,없음,없음,없음,아이폰 X,256GB
A,207000.0,개봉,없음,없음,없음,없음,배터리성능저하,갤럭시 S10 5G,256GB
A,225000.0,개봉,"전면, 테두리",후면,없음,없음,"카메라, 배터리성능저하",갤럭시 노트20,256GB
C,289000.0,개봉,없음,없음,없음,없음,없음,갤럭시 노트20 울트라,256GB
D,460000.0,개봉,"전면, 후면",없음,없음,없음,없음,아이폰 13,256GB
C,289000.0,개봉,테두리,후면,없음,없음,배터리성능저하,갤럭시 노트20 울트라,256GB
D,460000.0,개봉,없음,없음,없음,없음,배터리성능저하,아이폰 13,256GB
D,349000.0,개봉,테두리,없음,없음,없음,없음,아이폰 12 프로 맥스,128GB
B,162000.0,개봉,전면,테두리,없음,없음,없음,갤럭시 S10 5G,256GB
D,420000.0,개봉,"전면, 후면, 테두리","전면, 후면, 테두리",없음,없음,없음,아이폰 12 프로,256GB
D,394000.0,개봉,후면,테두리,없음,없음,배터리성능저하,아이폰 13,128GB
B,207000.0,개봉,"전면, 후면, 테두리","전면, 테두리",LCD 파손,터치,검수중,갤럭시S21,256GB
A,279000.0,개봉,"전면, 테두리","전면, 테두리",없음,없음,없음,아이폰 11 프로,64GB
C,270000.0,개봉,"전면, 후면","전면, 테두리",LCD 파손,없음,검수중,갤럭시 S20 울트라,256GB
C,790000.0,개봉,"전면, 테두리",테두리,없음,없음,배터리성능저하,아이폰 14 프로맥스,128GB
D,105000.0,개봉,전면,전면,없음,없음,없음,아이폰 SE3 (2022),64GB
D,267000.0,개봉,전면,전면,없음,없음,없음,아이폰 11 프로,256GB
E,5000.0,개봉,"전면, 테두리",전면,없음,없음,배터리성능저하,갤럭시 S8,64GB
D,292000.0,개봉,"후면, 테두리","후면, 테두리",없음,없음,없음,아이폰 12 프로,128GB
E,52000.0,개봉,"후면, 테두리",테두리,없음,없음,배터리성능저하,갤럭시 Z폴드2,256GB
D,166000.0,개봉,테두리,없음,없음,없음,없음,아이폰 11,64GB
C,130000.0,개봉,테두리,없음,없음,없음,없음,갤럭시 S10 5G,256GB
D,108000.0,개봉,테두리,없음,없음,없음,배터리성능저하,아이폰 XS,64GB
C,70000.0,개봉,없음,없음,없음,없음,없음,갤럭시 A31,64GB
C,70000.0,개봉,"전면, 테두리","전면, 테두리",없음,없음,배터리성능저하,갤럭시 A31,64GB
D,419000.0,개봉,없음,없음,없음,없음,없음,아이폰 12 프로 맥스,128GB
B,297000.0,개봉,없음,전면,없음,없음,터치,아이폰 12,128GB
D,419000.0,개봉,없음,전면,없음,없음,터치,아이폰 12 프로 맥스,128GB
A,520000.0,개봉,없음,"전면, 테두리",없음,없음,배터리성능저하,갤럭시 Z폴드3,256GB
D,168000.0,개봉,"후면, 테두리",없음,없음,없음,없음,아이폰 11,128GB
A,217000.0,개봉,없음,없음,없음,없음,없음,갤럭시 S10 5G,512GB
E,172000.0,개봉,"전면, 후면, 테두리","전면, 후면",없음,없음,없음,아이폰 11 프로,512GB
D,349000.0,개봉,테두리,후면,없음,없음,없음,아이폰 12 프로,512GB
D,212000.0,개봉,"전면, 테두리",전면,없음,없음,터치,아이폰 12,128GB
D,349000.0,개봉,테두리,"전면, 후면",없음,없음,없음,아이폰 12 프로,512GB
D,212000.0,개봉,"전면, 후면, 테두리","전면, 후면, 테두리",없음,없음,배터리성능저하,아이폰 12,128GB
C,12000.0,개봉,없음,없음,없음,없음,없음,갤럭시 A8 (2018),32GB
B,80000.0,개봉,없음,없음,없음,잔상있음,없음,갤럭시 A32,64GB
A,274000.0,개봉,없음,없음,없음,잔상있음,없음,갤럭시S21,256GB
D,680000.0,개봉,없음,전면,없음,없음,없음,아이폰 14 프로,256GB
C,128000.0,개봉,없음,전면,없음,없음,없음,아이폰 XR,64GB
E,77000.0,개봉,전면,"전면, 후면",LCD 파손,터치,검수중,아이폰 XS,256GB
C,265000.0,개봉,없음,후면,LCD 파손,없음,검수중,갤럭시 S22,256GB
D,329000.0,개봉,없음,후면,LCD 파손,없음,검수중,아이폰 11 프로 맥스,256GB
E,137000.0,개봉,전면,전면,없음,잔상있음,없음,갤럭시 노트 10 플러스,512GB
C,490000.0,개봉,"후면, 테두리",후면,없음,없음,없음,갤럭시 S22 울트라,256GB
D,302000.0,개봉,"전면, 후면, 테두리","전면, 후면, 테두리",없음,없음,터치,아이폰 12 프로,128GB
E,34000.0,개봉,"전면, 테두리","전면, 테두리",없음,없음,배터리성능저하,갤럭시 노트 10 플러스,512GB
E,187000.0,개봉,없음,"전면, 테두리",없음,없음,펜분실,아이폰 13 프로,256GB
E,137000.0,개봉,없음,테두리,없음,없음,배터리성능저하,아이폰 XS Max,256GB
C,108000.0,개봉,"전면, 후면, 테두리","전면, 후면, 테두리",LCD 파손,없음,검수중,아이폰 X,64GB
E,112000.0,개봉,"전면, 후면, 테두리","전면, 후면, 테두리",LCD 파손,없음,검수중,아이폰 11 프로,64GB
D,339000.0,개봉,"전면, 후면, 테두리","전면, 후면, 테두리",LCD 파손,"터치, 전원",검수중,아이폰 12 프로,256GB
D,83000.0,개봉,"전면, 후면, 테두리",후면,없음,없음,배터리성능저하,갤럭시 노트 8,64GB
D,83000.0,개봉,없음,후면,없음,없음,없음,갤럭시 노트 8,64GB
D,192000.0,개봉,"전면, 후면, 테두리","전면, 후면, 테두리",없음,없음,없음,아이폰 12 미니,128GB
C,500000.0,개봉,"전면, 후면, 테두리","전면, 후면, 테두리",없음,없음,없음,아이폰 14 플러스,128GB
E,65000.0,개봉,"전면, 후면, 테두리","전면, 후면, 테두리",없음,잔상있음,배터리성능저하,아이폰 SE2 (2020),128GB
D,302000.0,개봉,전면,없음,없음,없음,없음,아이폰 12 프로,128GB
E,93000.0,개봉,전면,없음,없음,없음,없음,아이폰 XR,128GB
F,7000.0,개봉,"전면, 테두리",전면,LCD 파손,카메라,검수중,갤럭시 S22 플러스,256GB
D,322000.0,개봉,"후면, 테두리",테두리,없음,없음,배터리성능저하,아이폰 12 프로,128GB
C,168000.0,개봉,"후면, 테두리",테두리,없음,없음,배터리성능저하,갤럭시S21 플러스,256GB
C,78000.0,개봉,"후면, 테두리",테두리,없음,없음,배터리성능저하,갤럭시 S8 플러스,64GB
C,215000.0,개봉,없음,"전면, 테두리",없음,없음,없음,아이폰 11 프로,64GB
E,37000.0,개봉,없음,없음,없음,없음,없음,아이폰 XR,64GB
D,312000.0,개봉,테두리,"후면, 테두리",없음,없음,배터리성능저하,아이폰 12 프로,128GB
D,161000.0,개봉,없음,전면,없음,없음,없음,아이폰 12 미니,128GB
A,495000.0,개봉,없음,전면,없음,없음,없음,아이폰 12 프로,256GB
D,152000.0,개봉,없음,전면,없음,없음,없음,아이폰 11,128GB
D,142000.0,개봉,테두리,없음,없음,없음,없음,아이폰 XS,256GB
B,497000.0,개봉,전면,테두리,없음,없음,없음,아이폰 13,256GB
C,102000.0,개봉,전면,전면,없음,없음,없음,갤럭시 S9 플러스,64GB
D,399000.0,개봉,없음,전면,없음,없음,없음,아이폰 12 프로 맥스,128GB
D,142000.0,개봉,"전면, 후면, 테두리","전면, 후면, 테두리",없음,없음,없음,아이폰 XS,256GB
B,497000.0,개봉,전면,전면,LCD 파손,터치,검수중,아이폰 13,256GB
D,399000.0,개봉,"전면, 후면, 테두리","전면, 후면, 테두리",LCD 파손,"생체인식, 배터리성능저하, 터치",검수중,아이폰 12 프로 맥스,128GB
D,192000.0,개봉,전면,전면,없음,없음,없음,아이폰 12 미니,128GB
C,172000.0,개봉,테두리,테두리,없음,없음,배터리성능저하,갤럭시S21,256GB
D,826000.0,개봉,테두리,"전면, 후면, 테두리",없음,없음,"카메라, 배터리성능저하",아이폰 14 프로맥스,256GB
C,13000.0,개봉,테두리,후면,없음,없음,배터리성능저하,갤럭시 S7 엣지,128GB
E,76000.0,개봉,없음,없음,LCD 파손,"생체인식, 배터리성능저하",검수중,갤럭시 S20 울트라,256GB
D,88000.0,개봉,없음,테두리,없음,없음,배터리성능저하,아이폰 SE2 (2020),128GB
C,72000.0,개봉,"전면, 후면, 테두리","후면, 테두리",없음,없음,배터리성능저하,갤럭시 A51,128GB
D,71000.0,개봉,없음,없음,없음,없음,배터리성능저하,아이폰 SE2 (2020),64GB
D,317000.0,개봉,후면,테두리,없음,없음,없음,아이폰 13,256GB
D,267000.0,개봉,없음,없음,없음,없음,없음,아이폰 11 프로,256GB
E,77000.0,개봉,없음,없음,없음,없음,없음,아이폰 12,128GB
D,394000.0,개봉,"전면, 후면, 테두리","전면, 후면, 테두리",LCD 파손,"생체인식, 배터리성능저하, 터치",검수중,아이폰 13,128GB
D,244000.0,개봉,전면,전면,없음,없음,없음,아이폰 13 미니,128GB
C,128000.0,개봉,전면,전면,없음,없음,없음,아이폰 XR,64GB
A,440000.0,개봉,없음,전면,없음,없음,없음,갤럭시 Z폴드2,256GB
A,440000.0,개봉,"전면, 후면, 테두리","전면, 후면, 테두리",없음,없음,없음,갤럭시 Z폴드2,256GB
C,72000.0,개봉,전면,전면,LCD 파손,터치,검수중,갤럭시 A51,128GB
D,71000.0,개봉,전면,전면,없음,없음,없음,아이폰 SE2 (2020),64GB
D,317000.0,개봉,"전면, 후면, 테두리","전면, 후면, 테두리",LCD 파손,"생체인식, 배터리성능저하, 터치",검수중,아이폰 13,256GB
D,399000.0,개봉,테두리,테두리,없음,없음,배터리성능저하,아이폰 12 프로 맥스,128GB
C,172000.0,개봉,테두리,"전면, 후면",없음,없음,생체인식,갤럭시S21,256GB
D,826000.0,개봉,"전면, 테두리",전면,없음,없음,없음,아이폰 14 프로맥스,256GB
C,13000.0,개봉,테두리,후면,없음,없음,터치,갤럭시 S7 엣지,128GB
E,76000.0,개봉,전면,전면,없음,없음,없음,갤럭시 S20 울트라,256GB
D,88000.0,개봉,"후면, 테두리",테두리,없음,없음,배터리성능저하,아이폰 SE2 (2020),128GB
E,93000.0,개봉,"전면, 후면, 테두리","전면, 후면",없음,없음,카메라,아이폰 11,128GB
C,72000.0,개봉,없음,없음,없음,없음,없음,갤럭시 A51,128GB
D,71000.0,개봉,"전면, 후면, 테두리","전면, 후면, 테두리",없음,없음,"생체인식, 배터리성능저하",아이폰 SE2 (2020),64GB
D,317000.0,개봉,테두리,테두리,없음,없음,없음,아이폰 13,256GB
E,14000.0,개봉,테두리,테두리,없음,없음,배터리성능저하,갤럭시 Z플립3,256GB
D,187000.0,개봉,"후면, 테두리",테두리,없음,없음,배터리성능저하,아이폰 11,128GB
C,102000.0,개봉,"전면, 후면, 테두리","전면, 후면",없음,없음,카메라,갤럭시 A52S,128GB
E,210000.0,개봉,없음,없음,없음,없음,없음,아이폰 12 프로,256GB
D,305000.0,개봉,"전면, 후면, 테두리","전면, 후면, 테두리",없음,없음,"생체인식, 배터리성능저하",아이폰 11 프로,256GB
D,349000.0,개봉,"전면, 후면, 테두리","전면, 후면, 테두리",없음,없음,"생체인식, 배터리성능저하",아이폰 12 프로,256GB
D,92000.0,개봉,테두리,테두리,없음,없음,없음,아이폰 SE3 (2022),128GB
D,115000.0,개봉,없음,후면,없음,없음,없음,아이폰 XS,256GB
