시간,등급,가격,이름,개봉여부,미세손상,외관손상,내부LCD손상,화면잔상,기능불량
NEW,A,"85,000",갤럭시 A9 (2018) 128GB,개봉,없음,없음,없음,없음,없음
4분 전,D,"227,000",아이폰 13 미니 128GB,개봉,"전면, 후면, 테두리","전면, 후면, 테두리",없음,없음,배터리성능저하
5분 전,C,"71,000",갤럭시 S10E 128GB,개봉,없음,전면,없음,없음,없음
5분 전,D,"389,000",아이폰 12 프로 맥스 128GB,개봉,없음,"전면, 후면, 테두리",없음,없음,배터리성능저하
11분 전,E,"123,000",갤럭시S21 울트라 256GB,개봉,"전면, 테두리","전면, 테두리",LCD 파손,없음,"E급
판매 접수 시 입력한 단말기 상태를 바탕으로 산정한 등급이며, 검수 후 최종 산정된 등급이나 거래금액과는 다를 수 있습니다."
11분 전,A,"135,000",갤럭시 A90 128GB,개봉,없음,없음,없음,없음,없음
14분 전,D,"227,000",아이폰 13 미니 128GB,개봉,"전면, 후면, 테두리","전면, 후면, 테두리",없음,없음,배터리성능저하
16분 전,B,"679,000",아이폰 13 프로맥스 256GB,개봉,테두리,없음,없음,없음,없음
19분 전,C,"192,000",갤럭시 노트 10 플러스 512GB,개봉,전면,후면,없음,없음,없음
19분 전,E,"20,000",갤럭시 노트 10 256GB,개봉,테두리,"전면, 테두리",LCD 파손,터치,"E급
판매 접수 시 입력한 단말기 상태를 바탕으로 산정한 등급이며, 검수 후 최종 산정된 등급이나 거래금액과는 다를 수 있습니다."
20분 전,D,"145,000",아이폰 XR 128GB,개봉,없음,전면,없음,없음,없음
24분 전,D,"65,000",아이폰 SE3 (2022) 128GB,개봉,전면,전면,없음,없음,생체인식
25분 전,A,"317,000",아이폰 11 프로 256GB,개봉,없음,없음,없음,없음,없음
28분 전,C,"71,000",갤럭시 S10E 128GB,개봉,테두리,전면,없음,없음,없음
29분 전,C,"88,000",아이폰 8 256GB,개봉,없음,테두리,없음,없음,없음
29분 전,F,"20,000",아이폰 11 프로 256GB,개봉,없음,없음,없음,없음,"생체인식, 전원, 충전, 배터리성능저하"
32분 전,E,"1,000",아이패드 에어 4세대 Wifi 64GB,개봉,없음,없음,LCD 파손,없음,"E급
판매 접수 시 입력한 단말기 상태를 바탕으로 산정한 등급이며, 검수 후 최종 산정된 등급이나 거래금액과는 다를 수 있습니다."
34분 전,D,"349,000",아이폰 12 프로 256GB,개봉,"전면, 테두리",없음,없음,없음,배터리성능저하
36분 전,D,"252,000",아이폰 11 프로 맥스 64GB,개봉,"전면, 후면, 테두리",후면,없음,없음,없음
37분 전,D,"182,000",아이폰 12 미니 128GB,개봉,테두리,없음,없음,없음,배터리성능저하
48분 전,D,"267,000",아이폰 13 미니 128GB,개봉,없음,없음,없음,없음,배터리성능저하
48분 전,A,"344,000",아이폰 12 128GB,개봉,없음,없음,없음,없음,없음
49분 전,C,"83,000",갤럭시 노트 8 256GB,개봉,없음,테두리,없음,없음,없음
52분 전,A,"557,000",아이폰 12 프로 맥스 256GB,개봉,없음,없음,없음,없음,없음
53분 전,D,"182,000",아이폰 12 미니 128GB,개봉,"전면, 후면, 테두리",없음,없음,없음,배터리성능저하
57분 전,A,"118,000",갤럭시 A23 128GB,개봉,없음,없음,없음,없음,없음
57분 전,D,"257,000",아이폰 11 프로 256GB,개봉,없음,후면,없음,없음,배터리성능저하
59분 전,C,"415,000",아이폰 13 프로 128GB,개봉,없음,후면,없음,없음,없음
60분 전,D,"225,000",아이폰 11 프로 256GB,개봉,"전면, 후면, 테두리","전면, 후면, 테두리",없음,없음,없음
1시간 전,D,"182,000",아이폰 12 미니 128GB,개봉,"전면, 테두리",테두리,없음,없음,배터리성능저하
1시간 전,C,"412,000",아이폰 14 128GB,개봉,없음,테두리,없음,없음,없음
1시간 전,D,"192,000",아이폰 12 64GB,개봉,테두리,테두리,없음,없음,배터리성능저하
1시간 전,D,"312,000",아이폰 12 프로 128GB,개봉,"전면, 테두리",테두리,없음,없음,배터리성능저하
1시간 전,A,"452,000",아이폰 11 프로 맥스 512GB,개봉,없음,없음,없음,없음,없음
1시간 전,B,"165,000",아이폰 X 64GB,개봉,테두리,없음,없음,없음,없음
1시간 전,B,"324,000",갤럭시 S22 256GB,개봉,테두리,없음,없음,없음,없음
1시간 전,D,"25,000",아이폰 8 64GB,개봉,테두리,"전면, 후면",없음,없음,생체인식
1시간 전,A,"634,000",갤럭시 S22 울트라 256GB,개봉,없음,없음,없음,없음,없음
1시간 전,D,"152,000",아이폰 11 128GB,개봉,테두리,테두리,없음,없음,없음
1시간 전,B,"317,000",아이폰 11 프로 256GB,개봉,테두리,없음,없음,없음,없음
1시간 전,B,"510,000",아이폰 13 256GB,개봉,테두리,없음,없음,없음,없음
2시간 전,C,"142,000",아이폰 SE3 (2022) 128GB,개봉,없음,테두리,없음,없음,없음
2시간 전,E,"40,000",아이폰 X 64GB,개봉,"전면, 후면","전면, 후면",없음,없음,"카메라, 생체인식, 배터리성능저하"
2시간 전,A,"45,000",갤럭시 A10 32GB,개봉,없음,없음,없음,없음,없음
2시간 전,E,"110,000",아이폰 11 64GB,개봉,"전면, 테두리","전면, 후면, 테두리",LCD 파손,배터리성능저하,"E급
판매 접수 시 입력한 단말기 상태를 바탕으로 산정한 등급이며, 검수 후 최종 산정된 등급이나 거래금액과는 다를 수 있습니다."
2시간 전,E,"25,000",갤럭시 S10 128GB,개봉,테두리,"전면, 테두리",LCD 파손,없음,"E급
판매 접수 시 입력한 단말기 상태를 바탕으로 산정한 등급이며, 검수 후 최종 산정된 등급이나 거래금액과는 다를 수 있습니다."
2시간 전,C,"267,000",아이폰 11 프로 256GB,개봉,없음,테두리,없음,없음,없음
2시간 전,A,"105,000",갤럭시 S9 64GB,개봉,없음,없음,없음,없음,없음
2시간 전,A,"344,000",갤럭시Z플립4 256GB,개봉,없음,없음,없음,없음,없음
2시간 전,D,"322,000",아이폰 12 프로 128GB,개봉,없음,없음,없음,없음,없음
2시간 전,D,"322,000",아이폰 12 프로 128GB,개봉,"전면, 테두리",없음,없음,없음,배터리성능저하
2시간 전,F,"1,000",갤럭시 S7 32GB,개봉,"전면, 후면, 테두리","전면, 후면, 테두리",LCD 파손,"카메라, 생체인식, 전원, 충전, 터치, 진동, 스피커, 마이크","F급
판매 접수 시 입력한 단말기 상태를 바탕으로 산정한 등급이며, 검수 후 최종 산정된 등급이나 거래금액과는 다를 수 있습니다."
3시간 전,B,"62,000",아이폰 7 128GB,개봉,후면,없음,없음,없음,없음
3시간 전,D,"322,000",아이폰 12 프로 128GB,개봉,없음,테두리,없음,없음,배터리성능저하
3시간 전,C,"182,000",아이폰 12 미니 128GB,개봉,"전면, 테두리",없음,없음,없음,없음
3시간 전,E,"17,000",갤럭시 Z플립3 256GB,개봉,"후면, 테두리",전면,LCD 파손,"터치, 카메라, 생체인식","E급
판매 접수 시 입력한 단말기 상태를 바탕으로 산정한 등급이며, 검수 후 최종 산정된 등급이나 거래금액과는 다를 수 있습니다."
3시간 전,C,"277,000",아이폰 13 미니 128GB,개봉,없음,테두리,없음,없음,없음
3시간 전,A,"630,000",아이폰 13 프로 256GB,개봉,없음,없음,없음,없음,없음
3시간 전,C,"63,000",갤럭시 S8 64GB,개봉,없음,전면,없음,없음,없음
3시간 전,A,"354,000",갤럭시Z플립4 512GB,개봉,없음,없음,없음,없음,없음
3시간 전,D,"197,000",아이폰 11 128GB,개봉,테두리,없음,없음,없음,배터리성능저하
4시간 전,C,"267,000",아이폰 11 프로 256GB,개봉,전면,테두리,없음,없음,없음
4시간 전,E,"3,000",갤럭시 S7 엣지 32GB,개봉,"전면, 후면, 테두리",전면,없음,잔상있음,없음
4시간 전,D,"267,000",아이폰 11 프로 256GB,개봉,"전면, 테두리",후면,없음,없음,배터리성능저하
4시간 전,A,"570,000",아이폰 12 프로 맥스 256GB,개봉,없음,없음,없음,없음,없음
4시간 전,D,"197,000",아이폰 11 프로 64GB,개봉,"전면, 테두리",전면,없음,없음,배터리성능저하
4시간 전,A,"630,000",아이폰 13 프로 256GB,개봉,없음,없음,없음,없음,없음
4시간 전,S,"760,000",아이폰 13 프로 256GB,미개봉,없음,없음,없음,없음,없음
5시간 전,A,"334,000",갤럭시 S20 울트라 256GB,개봉,없음,없음,없음,없음,없음
5시간 전,F,"12,000",아이패드 9세대 Wifi 64GB,개봉,없음,없음,없음,없음,"전원, 충전"
5시간 전,A,"1,016,000",아이폰 14 프로맥스 256GB,개봉,없음,없음,없음,없음,없음
5시간 전,E,"5,000",갤럭시 Z플립 256GB,개봉,전면,전면,LCD 파손,없음,"E급
판매 접수 시 입력한 단말기 상태를 바탕으로 산정한 등급이며, 검수 후 최종 산정된 등급이나 거래금액과는 다를 수 있습니다."
5시간 전,D,"95,000",아이폰 SE2 (2020) 128GB,개봉,"전면, 후면, 테두리","전면, 후면, 테두리",없음,없음,배터리성능저하
5시간 전,S,"540,000",아이패드 프로 11 4세대 Wifi 128GB,미개봉,없음,없음,없음,없음,없음
6시간 전,B,"440,000",아이폰 13 128GB,개봉,테두리,없음,없음,없음,없음
6시간 전,D,"354,000",아이폰 11 프로 맥스 512GB,개봉,"전면, 후면","전면, 후면",없음,없음,없음
6시간 전,D,"490,000",아이폰 13 프로 256GB,개봉,전면,전면,없음,없음,없음
6시간 전,A,"946,000",아이폰 14 프로맥스 128GB,개봉,없음,없음,없음,없음,없음
7시간 전,A,"650,000",아이폰 13 프로맥스 128GB,개봉,없음,없음,없음,없음,없음
7시간 전,C,"197,000",아이패드 프로 12.9 4세대 Wifi 512GB,개봉,전면,없음,없음,없음,없음
7시간 전,A,"207,000",갤럭시 S10 5G 256GB,개봉,없음,없음,없음,없음,없음
7시간 전,A,"207,000",갤럭시 S10 5G 256GB,개봉,없음,없음,없음,없음,없음
8시간 전,D,"125,000",아이폰 XR 64GB,개봉,"전면, 후면, 테두리","전면, 후면, 테두리",없음,없음,없음
8시간 전,C,"410,000",갤럭시 S23 256GB,개봉,"전면, 후면, 테두리","전면, 후면, 테두리",없음,없음,없음
8시간 전,E,"140,000",아이폰 XR 128GB,개봉,테두리,없음,없음,없음,"배터리성능저하, 스피커, 마이크, 진동"
8시간 전,D,"147,000",아이폰 12 미니 64GB,개봉,없음,"후면, 테두리",없음,없음,배터리성능저하
8시간 전,E,"82,000",갤럭시 Z폴드3 256GB,개봉,"후면, 테두리",후면,없음,없음,터치
8시간 전,D,"550,000",아이폰 13 프로맥스 1024GB,개봉,테두리,없음,없음,없음,"배터리성능저하, 카메라"
9시간 전,D,"497,000",아이폰 13 프로 256GB,개봉,전면,후면,없음,없음,배터리성능저하
9시간 전,C,"364,000",갤럭시Z플립5 256GB,개봉,없음,테두리,없음,없음,없음
9시간 전,A,"307,000",아이폰 SE3 (2022) 256GB,개봉,없음,없음,없음,없음,없음
10시간 전,D,"125,000",아이폰 8 플러스 64GB,개봉,없음,없음,없음,없음,배터리성능저하
10시간 전,D,"227,000",아이폰 11 프로 64GB,개봉,없음,없음,없음,없음,배터리성능저하
10시간 전,E,"147,000",아이폰 11 프로 256GB,개봉,"전면, 후면, 테두리","전면, 후면",없음,없음,"터치, 배터리성능저하"
10시간 전,D,"192,000",아이폰 12 미니 128GB,개봉,없음,"후면, 테두리",없음,없음,배터리성능저하
10시간 전,E,"137,000",갤럭시 노트 10 플러스 256GB,개봉,전면,"후면, 테두리",없음,잔상있음,없음
10시간 전,A,"495,000",아이폰 12 프로 256GB,개봉,없음,없음,없음,없음,없음
10시간 전,B,"475,000",아이폰 12 프로 512GB,개봉,테두리,없음,없음,없음,없음
10시간 전,E,"103,000",아이폰 11 64GB,개봉,전면,"전면, 테두리",LCD 파손,배터리성능저하,"E급
판매 접수 시 입력한 단말기 상태를 바탕으로 산정한 등급이며, 검수 후 최종 산정된 등급이나 거래금액과는 다를 수 있습니다."
10시간 전,E,"25,000",갤럭시 S10 128GB,개봉,"전면, 테두리",전면,LCD 파손,없음,"E급
판매 접수 시 입력한 단말기 상태를 바탕으로 산정한 등급이며, 검수 후 최종 산정된 등급이나 거래금액과는 다를 수 있습니다."
10시간 전,B,"202,000",갤럭시 노트 10 플러스 256GB,개봉,"후면, 테두리",없음,없음,없음,없음
10시간 전,D,"610,000",아이폰 14 프로 128GB,개봉,"전면, 후면","전면, 후면",없음,없음,없음
10시간 전,D,"162,000",아이폰 13 128GB,개봉,"전면, 테두리",후면,없음,없음,배터리성능저하
10시간 전,C,"125,000",아이폰 8 플러스 64GB,개봉,없음,테두리,없음,없음,없음
11시간 전,A,"1,016,000",아이폰 14 프로맥스 256GB,개봉,없음,없음,없음,없음,없음
11시간 전,C,"359,000",아이폰 12 프로 256GB,개봉,없음,테두리,없음,없음,없음
11시간 전,D,"217,000",아이폰 11 프로 64GB,개봉,"후면, 테두리",후면,없음,없음,배터리성능저하
11시간 전,E,"425,000",아이폰 14 프로 128GB,개봉,테두리,전면,없음,잔상있음,없음
11시간 전,D,"88,000",아이폰 SE2 (2020) 128GB,개봉,"전면, 후면","전면, 테두리",없음,없음,없음
11시간 전,A,"212,000",아이폰 12 미니 64GB,개봉,없음,없음,없음,없음,없음
11시간 전,A,"410,000",아이폰 12 프로 128GB,개봉,없음,없음,없음,없음,없음
11시간 전,D,"248,000",아이폰 12 프로 128GB,개봉,후면,후면,없음,없음,"생체인식, 배터리성능저하"
11시간 전,D,"192,000",아이폰 12 64GB,개봉,"전면, 테두리","후면, 테두리",없음,없음,배터리성능저하
12시간 전,D,"2,000",아이폰 6 16GB,개봉,"후면, 테두리",없음,없음,없음,계정잠김
12시간 전,E,"90,000",아이폰 XS 256GB,개봉,테두리,후면,LCD 파손,없음,"E급
판매 접수 시 입력한 단말기 상태를 바탕으로 산정한 등급이며, 검수 후 최종 산정된 등급이나 거래금액과는 다를 수 있습니다."
12시간 전,D,"207,000",아이폰 11 프로 64GB,개봉,테두리,전면,없음,없음,배터리성능저하
12시간 전,E,"62,000",아이폰 12 미니 128GB,개봉,테두리,전면,LCD 파손,배터리성능저하,"E급
판매 접수 시 입력한 단말기 상태를 바탕으로 산정한 등급이며, 검수 후 최종 산정된 등급이나 거래금액과는 다를 수 있습니다."
12시간 전,D,"359,000",아이폰 11 프로 맥스 256GB,개봉,없음,없음,없음,없음,배터리성능저하
12시간 전,C,"442,000",아이폰 12 프로 맥스 256GB,개봉,없음,없음,없음,없음,배터리성능저하
12시간 전,A,"339,000",아이폰 13 미니 128GB,개봉,"후면, 테두리","후면, 테두리",없음,없음,없음
12시간 전,A,"339,000",아이폰 13 미니 128GB,개봉,없음,없음,없음,없음,없음
12시간 전,B,"182,000",갤럭시 노트20 256GB,개봉,테두리,없음,없음,없음,없음
12시간 전,D,"20,000",아이폰 SE 64GB,개봉,테두리,전면,없음,없음,없음
12시간 전,C,"162,000",아이폰 XS 256GB,개봉,없음,후면,없음,없음,없음
12시간 전,D,"207,000",아이폰 11 프로 64GB,개봉,"전면, 테두리","전면, 테두리",없음,없음,없음
12시간 전,D,"182,000",아이폰 12 64GB,개봉,"전면, 후면, 테두리","후면, 테두리",없음,없음,배터리성능저하
12시간 전,E,"82,000",아이폰 13 프로 128GB,개봉,테두리,테두리,LCD 파손,"카메라, 배터리성능저하","E급
판매 접수 시 입력한 단말기 상태를 바탕으로 산정한 등급이며, 검수 후 최종 산정된 등급이나 거래금액과는 다를 수 있습니다."
13시간 전,A,"172,000",아이폰 SE2 (2020) 128GB,개봉,없음,없음,없음,없음,없음
13시간 전,A,"105,000",갤럭시 S8 플러스 128GB,개봉,없음,없음,없음,없음,없음
13시간 전,A,"755,000",갤럭시Z폴드4 256GB,개봉,없음,없음,없음,없음,없음
13시간 전,A,"755,000",갤럭시Z폴드4 256GB,개봉,없음,없음,없음,없음,없음
13시간 전,E,"22,000",아이폰 7 32GB,개봉,"전면, 테두리","전면, 테두리",LCD 파손,없음,"E급
판매 접수 시 입력한 단말기 상태를 바탕으로 산정한 등급이며, 검수 후 최종 산정된 등급이나 거래금액과는 다를 수 있습니다."
13시간 전,E,"1,000",아이폰 14 프로 128GB,개봉,전면,전면,LCD 파손,"생체인식, 카메라","E급
판매 접수 시 입력한 단말기 상태를 바탕으로 산정한 등급이며, 검수 후 최종 산정된 등급이나 거래금액과는 다를 수 있습니다."
13시간 전,A,"317,000",아이폰 XS Max 64GB,개봉,없음,없음,없음,없음,없음
13시간 전,E,"1,000",아이폰 14 프로 128GB,개봉,"전면, 후면","전면, 후면",LCD 파손,"생체인식, 카메라, 터치","E급
판매 접수 시 입력한 단말기 상태를 바탕으로 산정한 등급이며, 검수 후 최종 산정된 등급이나 거래금액과는 다를 수 있습니다."
13시간 전,C,"415,000",아이폰 13 프로 128GB,개봉,"전면, 후면",후면,없음,없음,없음
13시간 전,A,"460,000",아이폰 13 128GB,개봉,없음,없음,없음,없음,없음
13시간 전,D,"520,000",아이폰 13 프로 256GB,개봉,없음,테두리,없음,없음,배터리성능저하
13시간 전,E,"92,000",아이폰 11 프로 256GB,개봉,테두리,없음,LCD 파손,"생체인식, 배터리성능저하","E급
판매 접수 시 입력한 단말기 상태를 바탕으로 산정한 등급이며, 검수 후 최종 산정된 등급이나 거래금액과는 다를 수 있습니다."
13시간 전,C,"277,000",아이폰 11 프로 256GB,개봉,전면,없음,없음,없음,없음
13시간 전,D,"82,000",아이폰 SE2 (2020) 64GB,개봉,테두리,없음,없음,없음,배터리성능저하
13시간 전,C,"100,000",아이폰 SE2 (2020) 64GB,개봉,"전면, 후면, 테두리",없음,없음,없음,없음
13시간 전,D,"384,000",아이폰 13 128GB,개봉,테두리,없음,없음,없음,배터리성능저하
13시간 전,D,"312,000",아이폰 12 프로 256GB,개봉,"전면, 후면","전면, 후면",없음,없음,배터리성능저하
13시간 전,D,"322,000",아이폰 12 프로 128GB,개봉,전면,테두리,없음,없음,배터리성능저하
13시간 전,B,"227,000",갤럭시S21 플러스 256GB,개봉,테두리,없음,없음,없음,없음
13시간 전,D,"322,000",아이폰 12 프로 128GB,개봉,전면,테두리,없음,없음,배터리성능저하
13시간 전,A,"1,016,000",아이폰 14 프로맥스 256GB,개봉,전면,테두리,없음,없음,배터리성능저하
13시간 전,B,"105,000",갤럭시 S20FE 128GB,개봉,없음,없음,없음,없음,없음
13시간 전,E,"182,000",아이폰 11 프로 256GB,개봉,테두리,없음,없음,없음,없음
13시간 전,E,"182,000",아이폰 11 프로 256GB,개봉,테두리,없음,LCD 파손,없음,"E급
판매 접수 시 입력한 단말기 상태를 바탕으로 산정한 등급이며, 검수 후 최종 산정된 등급이나 거래금액과는 다를 수 있습니다."
13시간 전,D,"22,000",아이폰 6S 32GB,개봉,"전면, 후면, 테두리","전면, 후면, 테두리",없음,없음,배터리성능저하
13시간 전,C,"359,000",아이폰 12 프로 256GB,개봉,없음,테두리,없음,없음,없음
14시간 전,E,"172,000",아이폰 13 프로 256GB,개봉,테두리,"전면, 후면",LCD 파손,배터리성능저하,"E급
판매 접수 시 입력한 단말기 상태를 바탕으로 산정한 등급이며, 검수 후 최종 산정된 등급이나 거래금액과는 다를 수 있습니다."
14시간 전,C,"172,000",갤럭시S21 256GB,개봉,없음,"후면, 테두리",없음,없음,없음
14시간 전,C,"207,000",아이폰 11 128GB,개봉,없음,테두리,없음,없음,없음
14시간 전,A,"585,000",갤럭시 S23 256GB,개봉,없음,없음,없음,없음,없음
14시간 전,D,"120,000",갤럭시 노트 10 256GB,개봉,없음,없음,없음,없음,펜분실
14시간 전,D,"322,000",아이폰 12 프로 128GB,개봉,테두리,테두리,없음,없음,배터리성능저하
14시간 전,D,"62,000",아이폰 8 64GB,개봉,"전면, 후면, 테두리","전면, 후면",없음,없음,없음
14시간 전,D,"192,000",아이폰 12 64GB,개봉,테두리,테두리,없음,없음,배터리성능저하
14시간 전,C,"65,000",갤럭시 A90 128GB,개봉,"전면, 후면, 테두리","전면, 후면, 테두리",없음,없음,카메라
14시간 전,A,"262,000",아이폰 12 미니 128GB,개봉,없음,없음,없음,없음,없음
14시간 전,D,"177,000",아이폰 12 미니 128GB,개봉,"전면, 후면, 테두리","전면, 후면, 테두리",없음,없음,없음
14시간 전,F,"2,000",아이폰 6 32GB,개봉,"후면, 테두리","전면, 테두리",없음,없음,"계정잠김, 전원, 충전"
14시간 전,C,"322,000",아이폰 12 프로 128GB,개봉,테두리,테두리,없음,없음,없음
14시간 전,C,"242,000",아이폰 12 256GB,개봉,테두리,후면,없음,없음,없음
14시간 전,C,"110,000",갤럭시 노트 9 128GB,개봉,전면,전면,없음,없음,없음
14시간 전,E,"1,000",아이패드 미니 6세대 Wifi 64GB,개봉,전면,전면,LCD 파손,생체인식,"E급
판매 접수 시 입력한 단말기 상태를 바탕으로 산정한 등급이며, 검수 후 최종 산정된 등급이나 거래금액과는 다를 수 있습니다."
14시간 전,C,"72,000",아이폰 8 64GB,개봉,"후면, 테두리",테두리,없음,없음,없음
14시간 전,A,"495,000",아이폰 12 프로 256GB,개봉,없음,없음,없음,없음,없음
14시간 전,B,"155,000",아이폰 SE2 (2020) 128GB,개봉,테두리,없음,없음,없음,없음
14시간 전,C,"147,000",아이폰 XS 256GB,개봉,테두리,후면,없음,없음,없음
14시간 전,D,"192,000",아이폰 12 미니 128GB,개봉,없음,없음,없음,없음,배터리성능저하
14시간 전,D,"9,000",아이패드 미니 3세대 Wifi 32GB,개봉,없음,없음,없음,없음,"배터리성능저하, 계정잠김"
14시간 전,D,"242,000",아이폰 12 128GB,개봉,테두리,없음,없음,없음,배터리성능저하
14시간 전,E,"1,000",아이폰 12 128GB,개봉,"전면, 테두리",테두리,LCD 파손,"카메라, 와이파이, 배터리성능저하","E급
판매 접수 시 입력한 단말기 상태를 바탕으로 산정한 등급이며, 검수 후 최종 산정된 등급이나 거래금액과는 다를 수 있습니다."
14시간 전,C,"550,000",아이폰 13 프로맥스 128GB,개봉,테두리,테두리,없음,없음,없음
15시간 전,D,"345,000",아이폰 12 프로 맥스 256GB,개봉,후면,후면,없음,없음,배터리성능저하
15시간 전,D,"364,000",아이폰 13 128GB,개봉,"전면, 후면, 테두리","전면, 테두리",없음,없음,배터리성능저하
15시간 전,D,"35,000",아이패드 7세대 Wifi 32GB,개봉,없음,없음,없음,없음,배터리성능저하
15시간 전,F,"2,000",아이폰 6 16GB,개봉,없음,"전면, 테두리",LCD 파손,"전원, 생체인식, 계정잠김, 터치","F급
판매 접수 시 입력한 단말기 상태를 바탕으로 산정한 등급이며, 검수 후 최종 산정된 등급이나 거래금액과는 다를 수 있습니다."
15시간 전,E,"7,000",아이폰 SE 16GB,개봉,없음,"전면, 테두리",LCD 파손,없음,"E급
판매 접수 시 입력한 단말기 상태를 바탕으로 산정한 등급이며, 검수 후 최종 산정된 등급이나 거래금액과는 다를 수 있습니다."
15시간 전,D,"108,000",아이폰 X 64GB,개봉,전면,없음,없음,없음,배터리성능저하
15시간 전,A,"645,000",갤럭시 S22 울트라 256GB,개봉,없음,없음,없음,없음,없음
15시간 전,E,"125,000",아이폰 11 프로 64GB,개봉,전면,전면,LCD 파손,배터리성능저하,"E급
판매 접수 시 입력한 단말기 상태를 바탕으로 산정한 등급이며, 검수 후 최종 산정된 등급이나 거래금액과는 다를 수 있습니다."
15시간 전,D,"77,000",아이폰 12 미니 64GB,개봉,"전면, 후면, 테두리","전면, 후면, 테두리",없음,없음,생체인식
15시간 전,E,"247,000",아이폰 12 프로 맥스 256GB,개봉,"전면, 후면, 테두리","전면, 후면, 테두리",LCD 파손,배터리성능저하,"E급
판매 접수 시 입력한 단말기 상태를 바탕으로 산정한 등급이며, 검수 후 최종 산정된 등급이나 거래금액과는 다를 수 있습니다."
15시간 전,C,"242,000",아이폰 12 128GB,개봉,"후면, 테두리","후면, 테두리",없음,없음,없음
15시간 전,A,"262,000",아이폰 12 미니 128GB,개봉,없음,없음,없음,없음,없음
15시간 전,D,"192,000",아이폰 12 64GB,개봉,없음,테두리,없음,없음,배터리성능저하
15시간 전,S,"811,000",갤럭시Z플립5 256GB,미개봉,없음,없음,없음,없음,없음
15시간 전,D,"227,000",아이폰 11 프로 64GB,개봉,테두리,없음,없음,없음,배터리성능저하
15시간 전,C,"192,000",아이폰 12 미니 128GB,개봉,테두리,"후면, 테두리",없음,없음,없음
15시간 전,D,"207,000",아이폰 11 128GB,개봉,전면,없음,없음,없음,배터리성능저하
15시간 전,D,"322,000",아이폰 12 프로 128GB,개봉,없음,테두리,없음,없음,배터리성능저하
15시간 전,D,"510,000",아이폰 13 프로 256GB,개봉,전면,후면,없음,없음,배터리성능저하
15시간 전,E,"35,000",갤럭시 A31 64GB,개봉,전면,전면,LCD 파손,없음,"E급
판매 접수 시 입력한 단말기 상태를 바탕으로 산정한 등급이며, 검수 후 최종 산정된 등급이나 거래금액과는 다를 수 있습니다."
15시간 전,D,"242,000",아이폰 12 128GB,개봉,테두리,없음,없음,없음,배터리성능저하
15시간 전,E,"82,000",아이폰 12 미니 128GB,개봉,"후면, 테두리",없음,LCD 파손,"터치, 배터리성능저하","E급
판매 접수 시 입력한 단말기 상태를 바탕으로 산정한 등급이며, 검수 후 최종 산정된 등급이나 거래금액과는 다를 수 있습니다."
15시간 전,E,"14,000",갤럭시 Z플립3 256GB,개봉,"전면, 후면, 테두리",테두리,LCD 파손,없음,"E급
판매 접수 시 입력한 단말기 상태를 바탕으로 산정한 등급이며, 검수 후 최종 산정된 등급이나 거래금액과는 다를 수 있습니다."
15시간 전,A,"95,000",갤럭시 S8 64GB,개봉,없음,없음,없음,없음,없음
15시간 전,C,"242,000",아이폰 12 128GB,개봉,없음,"후면, 테두리",없음,없음,없음
15시간 전,D,"339,000",아이폰 12 프로 256GB,개봉,전면,"전면, 테두리",없음,없음,배터리성능저하
16시간 전,C,"127,000",갤럭시 S20 128GB,개봉,없음,"후면, 테두리",없음,없음,없음
16시간 전,E,"43,000",갤럭시 S8 플러스 128GB,개봉,전면,"전면, 테두리",없음,없음,배터리성능저하
16시간 전,C,"156,000",갤럭시S21 256GB,개봉,테두리,"전면, 테두리",없음,없음,없음
16시간 전,C,"425,000",아이폰 14 128GB,개봉,"후면, 테두리",전면,없음,잔상있음,없음
16시간 전,C,"12,000",갤럭시 J7 (2017) 32GB,개봉,테두리,테두리,없음,없음,없음
16시간 전,E,"67,000",아이폰 X 256GB,개봉,전면,테두리,없음,없음,없음
16시간 전,C,"12,000",갤럭시 J7 (2017) 32GB,개봉,전면,전면,없음,없음,없음
16시간 전,E,"67,000",아이폰 X 256GB,개봉,없음,없음,LCD 파손,배터리성능저하,"E급
판매 접수 시 입력한 단말기 상태를 바탕으로 산정한 등급이며, 검수 후 최종 산정된 등급이나 거래금액과는 다를 수 있습니다."
16시간 전,B,"425,000",아이폰 12 프로 128GB,개봉,테두리,없음,없음,없음,없음
16시간 전,A,"152,000",아이폰 SE2 (2020) 64GB,개봉,테두리,없음,없음,없음,없음
16시간 전,D,"22,000",아이폰 7 128GB,개봉,없음,없음,없음,없음,없음
16시간 전,E,"187,000",아이폰 13 프로 512GB,개봉,전면,테두리,없음,없음,생체인식
16시간 전,C,"103,000",갤럭시 노트 9 128GB,개봉,"전면, 후면, 테두리","전면, 후면, 테두리",LCD 파손,"배터리성능저하, 터치","E급
판매 접수 시 입력한 단말기 상태를 바탕으로 산정한 등급이며, 검수 후 최종 산정된 등급이나 거래금액과는 다를 수 있습니다."
16시간 전,A,"27,000",갤럭시 J5 (2017) 32GB,개봉,"전면, 후면",전면,없음,없음,없음
16시간 전,E,"47,000",갤럭시Z플립4 256GB,개봉,없음,없음,없음,없음,없음
16시간 전,F,"2,000",아이폰 6 16GB,개봉,테두리,없음,LCD 파손,없음,"E급
판매 접수 시 입력한 단말기 상태를 바탕으로 산정한 등급이며, 검수 후 최종 산정된 등급이나 거래금액과는 다를 수 있습니다."
16시간 전,F,"2,000",아이폰 6 16GB,개봉,없음,없음,LCD 파손,"전원, 충전","F급
판매 접수 시 입력한 단말기 상태를 바탕으로 산정한 등급이며, 검수 후 최종 산정된 등급이나 거래금액과는 다를 수 있습니다."
16시간 전,B,"92,000",갤럭시 노트 8 64GB,개봉,전면,없음,없음,없음,없음
16시간 전,A,"816,000",아이폰 14 프로 128GB,개봉,없음,없음,없음,없음,없음
16시간 전,E,"12,000",아이폰 6S 32GB,개봉,없음,없음,LCD 파손,없음,"E급
판매 접수 시 입력한 단말기 상태를 바탕으로 산정한 등급이며, 검수 후 최종 산정된 등급이나 거래금액과는 다를 수 있습니다."
16시간 전,D,"345,000",아이폰 13 프로 128GB,개봉,"후면, 테두리",후면,없음,없음,카메라
16시간 전,A,"520,000",갤럭시 Z폴드3 256GB,개봉,없음,없음,없음,없음,없음
16시간 전,A,"1,156,000",아이폰 15 프로 256GB,개봉,없음,없음,없음,없음,없음
16시간 전,E,"162,000",아이폰 11 프로 256GB,개봉,"전면, 테두리","전면, 테두리",LCD 파손,배터리성능저하,"E급
판매 접수 시 입력한 단말기 상태를 바탕으로 산정한 등급이며, 검수 후 최종 산정된 등급이나 거래금액과는 다를 수 있습니다."
17시간 전,A,"339,000",아이폰 13 미니 128GB,개봉,없음,없음,없음,없음,없음
17시간 전,C,"670,000",아이폰 14 프로 128GB,개봉,없음,테두리,없음,없음,없음
17시간 전,E,"90,000",갤럭시 노트20 울트라 512GB,개봉,"전면, 후면, 테두리",전면,LCD 파손,없음,"E급
판매 접수 시 입력한 단말기 상태를 바탕으로 산정한 등급이며, 검수 후 최종 산정된 등급이나 거래금액과는 다를 수 있습니다."
17시간 전,D,"384,000",아이폰 13 프로 128GB,개봉,없음,없음,없음,없음,"카메라, 배터리성능저하"
17시간 전,B,"575,000",갤럭시 S22 울트라 512GB,개봉,전면,없음,없음,없음,없음
17시간 전,A,"1,056,000",아이폰 15 프로 128GB,개봉,없음,없음,없음,없음,없음
17시간 전,A,"482,000",아이폰 12 프로 256GB,개봉,없음,없음,없음,없음,없음
17시간 전,D,"322,000",아이폰 12 프로 128GB,개봉,테두리,테두리,없음,없음,배터리성능저하
17시간 전,E,"272,000",아이폰 12 프로 128GB,개봉,전면,없음,없음,없음,"배터리성능저하, 스피커, 마이크, 진동"
17시간 전,D,"359,000",아이폰 12 프로 256GB,개봉,테두리,없음,없음,없음,배터리성능저하
17시간 전,C,"142,000",갤럭시S21 플러스 256GB,개봉,"후면, 테두리","후면, 테두리",없음,없음,카메라
17시간 전,A,"735,000",아이폰 15 256GB,개봉,없음,없음,없음,없음,없음
17시간 전,A,"237,000",아이패드 미니 6세대 Wifi 64GB,개봉,없음,없음,없음,없음,없음
17시간 전,A,"595,000",갤럭시Z플립5 256GB,개봉,없음,없음,없음,없음,없음
17시간 전,A,"400,000",갤럭시 노트20 울트라 256GB,개봉,없음,없음,없음,없음,없음
17시간 전,D,"95,000",아이폰 SE2 (2020) 128GB,개봉,"전면, 후면, 테두리","전면, 후면",없음,없음,없음
17시간 전,C,"182,000",아이폰 XR 256GB,개봉,"전면, 후면",테두리,없음,없음,없음
17시간 전,C,"460,000",아이폰 13 프로 128GB,개봉,없음,테두리,없음,없음,없음
17시간 전,D,"384,000",아이폰 13 프로 128GB,개봉,없음,테두리,없음,없음,"카메라, 배터리성능저하"
17시간 전,A,"237,000",갤럭시 노트20 256GB,개봉,없음,없음,없음,없음,없음
17시간 전,A,"530,000",아이폰 13 256GB,개봉,없음,없음,없음,없음,없음
17시간 전,C,"192,000",아이폰 12 미니 128GB,개봉,테두리,테두리,없음,없음,없음
17시간 전,D,"130,000",아이폰 12 미니 64GB,개봉,"전면, 후면, 테두리","전면, 후면, 테두리",없음,없음,배터리성능저하
17시간 전,D,"187,000",아이폰 11 프로 256GB,개봉,"전면, 테두리",전면,없음,없음,"배터리성능저하, 생체인식"
17시간 전,D,"130,000",아이폰 12 미니 64GB,개봉,"전면, 후면, 테두리","전면, 테두리",없음,없음,배터리성능저하
17시간 전,A,"615,000",갤럭시Z플립5 512GB,개봉,없음,없음,없음,없음,없음
17시간 전,C,"182,000",아이폰 SE3 (2022) 256GB,개봉,"전면, 후면",없음,없음,없음,없음
18시간 전,C,"806,000",아이폰 14 프로맥스 128GB,개봉,테두리,테두리,없음,없음,없음
18시간 전,B,"545,000",아이폰 13 프로 128GB,개봉,테두리,없음,없음,없음,없음
18시간 전,D,"425,000",아이폰 14 128GB,개봉,없음,테두리,없음,없음,배터리성능저하
18시간 전,C,"192,000",아이폰 12 미니 128GB,개봉,없음,테두리,없음,없음,없음
18시간 전,F,"2,000",갤럭시S21 플러스 256GB,개봉,"전면, 후면, 테두리","전면, 후면, 테두리",LCD 파손,"전원, 터치, 생체인식","F급
판매 접수 시 입력한 단말기 상태를 바탕으로 산정한 등급이며, 검수 후 최종 산정된 등급이나 거래금액과는 다를 수 있습니다."
18시간 전,A,"187,000",아이폰 X 64GB,개봉,없음,없음,없음,없음,없음
18시간 전,B,"510,000",아이폰 13 256GB,개봉,테두리,없음,없음,없음,없음
18시간 전,D,"135,000",아이폰 XS 256GB,개봉,테두리,전면,없음,없음,배터리성능저하
18시간 전,D,"394,000",아이폰 13 128GB,개봉,전면,없음,없음,없음,배터리성능저하
18시간 전,C,"147,000",아이폰 12 미니 64GB,개봉,테두리,테두리,없음,없음,없음
18시간 전,A,"354,000",아이폰 12 128GB,개봉,없음,없음,없음,없음,없음
18시간 전,A,"400,000",갤럭시 노트20 울트라 256GB,개봉,없음,없음,없음,없음,없음
18시간 전,C,"242,000",아이폰 12 128GB,개봉,없음,테두리,없음,없음,없음
18시간 전,E,"57,000",아이폰 12 64GB,개봉,"전면, 후면, 테두리","전면, 후면",LCD 파손,없음,"E급
판매 접수 시 입력한 단말기 상태를 바탕으로 산정한 등급이며, 검수 후 최종 산정된 등급이나 거래금액과는 다를 수 있습니다."
18시간 전,D,"450,000",아이폰 13 프로 128GB,개봉,전면,"후면, 테두리",없음,없음,배터리성능저하
18시간 전,A,"946,000",아이폰 14 프로맥스 128GB,개봉,없음,없음,없음,없음,없음
18시간 전,A,"946,000",아이폰 14 프로맥스 128GB,개봉,없음,없음,없음,없음,없음
18시간 전,E,"84,000",갤럭시 A33 128GB,개봉,"후면, 테두리",테두리,없음,잔상있음,없음
18시간 전,E,"419,000",아이폰 14 프로맥스 128GB,개봉,없음,없음,LCD 파손,없음,"E급
판매 접수 시 입력한 단말기 상태를 바탕으로 산정한 등급이며, 검수 후 최종 산정된 등급이나 거래금액과는 다를 수 있습니다."
18시간 전,D,"2,000",아이폰 6 16GB,개봉,후면,테두리,없음,없음,계정잠김
18시간 전,C,"102,000",갤럭시 S9 플러스 64GB,개봉,없음,전면,없음,없음,없음
18시간 전,A,"765,000",갤럭시Z폴드4 512GB,개봉,없음,없음,없음,없음,없음
18시간 전,A,"287,000",아이폰 SE3 (2022) 128GB,개봉,없음,없음,없음,없음,없음
18시간 전,E,"130,000",아이폰 12 256GB,개봉,전면,테두리,LCD 파손,배터리성능저하,"E급
판매 접수 시 입력한 단말기 상태를 바탕으로 산정한 등급이며, 검수 후 최종 산정된 등급이나 거래금액과는 다를 수 있습니다."
18시간 전,A,"267,000",갤럭시 Z플립3 256GB,개봉,없음,없음,없음,없음,없음
18시간 전,A,"354,000",아이폰 12 128GB,개봉,없음,없음,없음,없음,없음
19시간 전,E,"27,000",아이폰 7 플러스 128GB,개봉,"전면, 후면, 테두리","전면, 후면, 테두리",LCD 파손,없음,"E급
판매 접수 시 입력한 단말기 상태를 바탕으로 산정한 등급이며, 검수 후 최종 산정된 등급이나 거래금액과는 다를 수 있습니다."
19시간 전,D,"354,000",아이폰 13 128GB,개봉,"전면, 후면, 테두리","전면, 후면, 테두리",없음,없음,배터리성능저하
19시간 전,C,"202,000",아이폰 12 미니 256GB,개봉,전면,"후면, 테두리",없음,없음,없음
19시간 전,D,"105,000",아이폰 XS 64GB,개봉,전면,후면,없음,없음,생체인식
19시간 전,A,"710,000",아이폰 13 프로맥스 256GB,개봉,전면,후면,없음,없음,생체인식
19시간 전,B,"137,000",갤럭시 노트 10 256GB,개봉,없음,없음,없음,없음,없음
19시간 전,C,"182,000",갤럭시 노트 10 플러스 256GB,개봉,전면,없음,없음,없음,없음
19시간 전,D,"105,000",아이폰 XS 64GB,개봉,전면,테두리,없음,없음,없음
19시간 전,E,"123,000",아이폰 11 128GB,개봉,"전면, 테두리",후면,없음,없음,"생체인식, 배터리성능저하"
19시간 전,E,"123,000",아이폰 11 128GB,개봉,"전면, 후면","전면, 후면, 테두리",LCD 파손,배터리성능저하,"E급
판매 접수 시 입력한 단말기 상태를 바탕으로 산정한 등급이며, 검수 후 최종 산정된 등급이나 거래금액과는 다를 수 있습니다."
19시간 전,D,"359,000",아이폰 12 프로 256GB,개봉,없음,없음,없음,없음,배터리성능저하
19시간 전,E,"47,000",아이폰 X 256GB,개봉,"전면, 후면, 테두리","전면, 후면, 테두리",LCD 파손,없음,"E급
판매 접수 시 입력한 단말기 상태를 바탕으로 산정한 등급이며, 검수 후 최종 산정된 등급이나 거래금액과는 다를 수 있습니다."
19시간 전,A,"387,000",갤럭시 노트20 울트라 512GB,개봉,없음,없음,없음,없음,없음
19시간 전,E,"314,000",갤럭시 S23 울트라 256GB,개봉,"전면, 테두리","전면, 테두리",LCD 파손,없음,"E급
판매 접수 시 입력한 단말기 상태를 바탕으로 산정한 등급이며, 검수 후 최종 산정된 등급이나 거래금액과는 다를 수 있습니다."
19시간 전,D,"105,000",아이폰 SE2 (2020) 256GB,개봉,"후면, 테두리",전면,없음,없음,없음
19시간 전,C,"62,000",애플워치 SE 44mm 32GB,개봉,전면,없음,없음,없음,없음
19시간 전,C,"334,000",아이폰 13 미니 256GB,개봉,테두리,테두리,없음,없음,없음
19시간 전,D,"115,000",아이폰 X 256GB,개봉,테두리,전면,없음,없음,없음
20시간 전,D,"82,000",아이폰 SE2 (2020) 64GB,개봉,"전면, 후면, 테두리","후면, 테두리",없음,없음,배터리성능저하
20시간 전,D,"108,000",아이폰 X 256GB,개봉,후면,전면,없음,없음,없음
20시간 전,A,"630,000",아이폰 13 프로 256GB,개봉,없음,없음,없음,없음,없음
20시간 전,A,"354,000",아이폰 12 128GB,개봉,없음,없음,없음,없음,없음
20시간 전,D,"166,000",아이폰 11 64GB,개봉,전면,없음,없음,없음,배터리성능저하
20시간 전,D,"344,000",아이폰 13 128GB,개봉,"전면, 후면, 테두리","전면, 후면, 테두리",없음,없음,배터리성능저하
20시간 전,A,"480,000",갤럭시 S22 플러스 256GB,개봉,없음,없음,없음,없음,없음
20시간 전,E,"1,000",아이폰 12 미니 64GB,개봉,없음,없음,없음,없음,없음
20시간 전,D,"192,000",아이폰 12 64GB,개봉,"후면, 테두리",없음,없음,없음,배터리성능저하
20시간 전,C,"595,000",아이폰 13 프로맥스 256GB,개봉,"전면, 후면, 테두리",후면,없음,없음,없음
20시간 전,C,"172,000",갤럭시S21 256GB,개봉,없음,전면,없음,없음,없음
20시간 전,D,"322,000",아이폰 12 프로 128GB,개봉,없음,후면,없음,없음,배터리성능저하
20시간 전,A,"267,000",갤럭시 Z플립3 256GB,개봉,없음,후면,없음,없음,배터리성능저하
20시간 전,A,"217,000",아이폰 SE3 (2022) 64GB,개봉,없음,없음,없음,없음,없음
20시간 전,A,"399,000",아이폰 13 미니 256GB,개봉,없음,없음,없음,없음,없음
20시간 전,A,"816,000",아이폰 14 프로 128GB,개봉,없음,없음,없음,없음,없음
20시간 전,A,"552,000",아이폰 13 프로 128GB,개봉,없음,없음,없음,없음,없음
20시간 전,B,"490,000",아이폰 12 프로 맥스 128GB,개봉,없음,없음,없음,없음,없음
20시간 전,A,"650,000",아이폰 14 256GB,개봉,"후면, 테두리",없음,없음,없음,없음
20시간 전,A,"17,000",아이폰 5S 16GB,개봉,없음,없음,없음,없음,없음
20시간 전,A,"655,000",갤럭시 S22 울트라 512GB,개봉,없음,없음,없음,없음,없음
20시간 전,A,"655,000",갤럭시 S22 울트라 512GB,개봉,없음,없음,없음,없음,없음
20시간 전,D,"23,000",아이폰 6S 32GB,개봉,"전면, 후면, 테두리",테두리,없음,없음,배터리성능저하
20시간 전,B,"786,000",아이폰 14 프로 128GB,개봉,테두리,없음,없음,없음,없음
20시간 전,C,"172,000",갤럭시S21 256GB,개봉,"전면, 테두리",테두리,없음,없음,없음
20시간 전,B,"242,000",아이폰 12 미니 128GB,개봉,테두리,없음,없음,없음,없음
20시간 전,C,"242,000",아이폰 12 128GB,개봉,테두리,테두리,없음,없음,없음
21시간 전,E,"77,000",아이폰 XR 64GB,개봉,"전면, 후면, 테두리","전면, 후면, 테두리",LCD 파손,없음,"E급
판매 접수 시 입력한 단말기 상태를 바탕으로 산정한 등급이며, 검수 후 최종 산정된 등급이나 거래금액과는 다를 수 있습니다."
21시간 전,A,"445,000",아이폰 12 프로 128GB,개봉,없음,없음,없음,없음,없음
21시간 전,D,"197,000",아이폰 11 128GB,개봉,"전면, 후면, 테두리",후면,없음,없음,배터리성능저하
21시간 전,A,"916,000",아이폰 14 프로 512GB,개봉,없음,없음,없음,없음,없음
21시간 전,D,"242,000",아이폰 12 128GB,개봉,없음,없음,없음,없음,배터리성능저하
21시간 전,A,"432,000",아이폰 12 프로 128GB,개봉,없음,없음,없음,없음,없음
21시간 전,E,"62,000",아이폰 12 미니 128GB,개봉,전면,전면,LCD 파손,터치,"E급
판매 접수 시 입력한 단말기 상태를 바탕으로 산정한 등급이며, 검수 후 최종 산정된 등급이나 거래금액과는 다를 수 있습니다."
21시간 전,A,"47,000",갤럭시 A7 (2017) 32GB,개봉,없음,없음,없음,없음,없음
21시간 전,D,"192,000",아이폰 12 미니 128GB,개봉,없음,없음,없음,없음,배터리성능저하
21시간 전,A,"344,000",갤럭시Z플립4 256GB,개봉,없음,없음,없음,없음,없음
21시간 전,A,"152,000",갤럭시 노트 9 128GB,개봉,없음,없음,없음,없음,없음
21시간 전,A,"460,000",아이폰 13 128GB,개봉,없음,없음,없음,없음,없음
21시간 전,E,"1,000",아이폰 13 미니 128GB,개봉,테두리,테두리,없음,잔상있음,없음
21시간 전,A,"172,000",아이폰 SE2 (2020) 128GB,개봉,없음,없음,없음,없음,없음
21시간 전,C,"192,000",아이폰 12 미니 128GB,개봉,테두리,후면,없음,없음,없음
21시간 전,E,"17,000",갤럭시 노트 9 128GB,개봉,"전면, 후면",전면,LCD 파손,없음,"E급
판매 접수 시 입력한 단말기 상태를 바탕으로 산정한 등급이며, 검수 후 최종 산정된 등급이나 거래금액과는 다를 수 있습니다."
21시간 전,A,"287,000",아이폰 SE3 (2022) 128GB,개봉,없음,없음,없음,없음,없음
21시간 전,D,"162,000",아이폰 XS 256GB,개봉,"전면, 후면, 테두리",후면,없음,없음,배터리성능저하
21시간 전,C,"162,000",아이폰 XR 64GB,개봉,"전면, 테두리",없음,없음,없음,없음
21시간 전,C,"86,000",갤럭시 A32 64GB,개봉,"전면, 후면, 테두리","전면, 후면, 테두리",없음,없음,"스피커, 마이크"
21시간 전,C,"128,000",아이폰 XR 64GB,개봉,후면,후면,없음,없음,없음
21시간 전,C,"85,000",갤럭시 S9 64GB,개봉,없음,"후면, 테두리",없음,없음,없음
21시간 전,C,"279,000",갤럭시 Z폴드3 256GB,개봉,없음,없음,없음,없음,"스피커, 마이크"
21시간 전,D,"207,000",아이폰 11 프로 64GB,개봉,없음,없음,없음,없음,"스피커, 마이크"
21시간 전,D,"207,000",아이폰 11 프로 64GB,개봉,전면,전면,없음,없음,배터리성능저하
21시간 전,A,"630,000",아이폰 13 프로 256GB,개봉,없음,없음,없음,없음,없음
21시간 전,B,"217,000",아이폰 XS 256GB,개봉,테두리,없음,없음,없음,없음
21시간 전,D,"135,000",아이폰 XR 128GB,개봉,테두리,없음,없음,없음,생체인식
22시간 전,C,"182,000",아이폰 12 미니 128GB,개봉,테두리,후면,없음,없음,없음
22시간 전,D,"339,000",아이폰 12 프로 256GB,개봉,없음,전면,없음,없음,없음
22시간 전,C,"740,000",아이폰 14 프로 256GB,개봉,테두리,테두리,없음,없음,없음
22시간 전,C,"59,000",갤럭시 A42 5G 128GB,개봉,없음,후면,없음,없음,없음
22시간 전,B,"162,000",갤럭시 S10 5G 256GB,개봉,테두리,없음,없음,없음,없음
22시간 전,E,"2,000",아이패드 에어 2세대 Wifi 64GB,개봉,"전면, 후면, 테두리",없음,LCD 파손,없음,"E급
판매 접수 시 입력한 단말기 상태를 바탕으로 산정한 등급이며, 검수 후 최종 산정된 등급이나 거래금액과는 다를 수 있습니다."
22시간 전,D,"45,000",아이패드 미니 5세대 Wifi 64GB,개봉,테두리,테두리,없음,없음,배터리성능저하
22시간 전,A,"565,000",아이폰 13 프로 128GB,개봉,없음,없음,없음,없음,없음
22시간 전,E,"42,000",갤럭시 와이드5 128GB,개봉,"전면, 후면, 테두리","전면, 후면, 테두리",LCD 파손,없음,"E급
판매 접수 시 입력한 단말기 상태를 바탕으로 산정한 등급이며, 검수 후 최종 산정된 등급이나 거래금액과는 다를 수 있습니다."
22시간 전,D,"730,000",아이폰 14 프로 256GB,개봉,테두리,후면,없음,없음,배터리성능저하
22시간 전,B,"314,000",갤럭시 Z폴드3 256GB,개봉,테두리,없음,없음,없음,없음
22시간 전,C,"90,000",갤럭시 노트 8 256GB,개봉,없음,전면,없음,없음,없음
22시간 전,A,"344,000",아이폰 11 프로 256GB,개봉,없음,없음,없음,없음,없음
22시간 전,E,"1,000",아이패드 미니 4세대 Wifi 16GB,개봉,"전면, 테두리",없음,없음,없음,터치
22시간 전,C,"1,000",갤럭시 노트 3 64GB,개봉,"후면, 테두리","후면, 테두리",없음,없음,없음
22시간 전,C,"1,000",갤럭시 노트 3 64GB,개봉,"후면, 테두리",테두리,없음,없음,없음
22시간 전,D,"192,000",아이폰 12 미니 128GB,개봉,테두리,테두리,없음,없음,배터리성능저하
22시간 전,E,"167,000",아이폰 11 256GB,개봉,없음,테두리,없음,없음,터치
22시간 전,A,"886,000",아이폰 14 프로 256GB,개봉,없음,없음,없음,없음,없음
22시간 전,C,"192,000",아이폰 12 미니 128GB,개봉,없음,후면,없음,없음,없음
22시간 전,D,"620,000",아이폰 14 프로 128GB,개봉,없음,전면,없음,없음,배터리성능저하
22시간 전,D,"620,000",아이폰 14 프로 128GB,개봉,없음,전면,없음,없음,배터리성능저하
23시간 전,A,"334,000",갤럭시Z플립4 256GB,개봉,없음,없음,없음,없음,없음
23시간 전,C,"329,000",갤럭시 S22 플러스 256GB,개봉,테두리,"전면, 후면",없음,없음,없음
23시간 전,D,"50,000",아이폰 6S 플러스 64GB,개봉,전면,전면,없음,없음,없음
23시간 전,D,"227,000",아이폰 11 프로 64GB,개봉,전면,테두리,없음,없음,배터리성능저하
23시간 전,E,"1,000",아이폰 12 미니 256GB,개봉,없음,전면,없음,잔상있음,없음
23시간 전,B,"92,000",갤럭시 A23 128GB,개봉,전면,없음,없음,없음,없음
23시간 전,D,"302,000",아이폰 12 프로 128GB,개봉,없음,"전면, 후면",없음,없음,없음
23시간 전,A,"505,000",아이폰 12 프로 512GB,개봉,없음,없음,없음,없음,없음
23시간 전,D,"165,000",아이폰 11 프로 64GB,개봉,테두리,전면,없음,없음,"생체인식, 배터리성능저하"
23시간 전,C,"182,000",아이폰 11 64GB,개봉,전면,테두리,없음,없음,없음
23시간 전,D,"222,000",아이폰 12 128GB,개봉,"전면, 테두리","전면, 테두리",없음,없음,배터리성능저하
23시간 전,C,"182,000",아이폰 11 64GB,개봉,전면,테두리,없음,없음,없음
23시간 전,C,"70,000",갤럭시 S8 64GB,개봉,"전면, 테두리",전면,없음,없음,없음
23시간 전,E,"115,000",아이폰 11 128GB,개봉,테두리,테두리,LCD 파손,"카메라, 배터리성능저하","E급
판매 접수 시 입력한 단말기 상태를 바탕으로 산정한 등급이며, 검수 후 최종 산정된 등급이나 거래금액과는 다를 수 있습니다."
23시간 전,D,"339,000",아이폰 12 프로 256GB,개봉,테두리,"전면, 테두리",없음,없음,배터리성능저하
23시간 전,C,"172,000",갤럭시Z플립4 256GB,개봉,없음,테두리,없음,없음,없음
23시간 전,D,"540,000",아이폰 13 프로 512GB,개봉,전면,없음,없음,없음,배터리성능저하
23시간 전,D,"162,000",아이폰 11 64GB,개봉,전면,"전면, 테두리",없음,없음,없음
23시간 전,E,"30,000",아이폰 X 64GB,개봉,테두리,전면,LCD 파손,없음,"E급
판매 접수 시 입력한 단말기 상태를 바탕으로 산정한 등급이며, 검수 후 최종 산정된 등급이나 거래금액과는 다를 수 있습니다."
23시간 전,D,"95,000",아이폰 X 64GB,개봉,"전면, 후면, 테두리","전면, 후면, 테두리",없음,없음,배터리성능저하
23시간 전,A,"650,000",아이폰 13 프로 512GB,개봉,없음,없음,없음,없음,없음
23시간 전,D,"374,000",아이폰 13 프로 128GB,개봉,테두리,후면,없음,없음,"배터리성능저하, 카메라"
23시간 전,E,"312,000",아이폰 12 프로 맥스 256GB,개봉,"전면, 테두리",후면,없음,잔상있음,배터리성능저하
23시간 전,E,"116,000",아이폰 11 프로 맥스 64GB,개봉,"전면, 후면, 테두리","전면, 후면, 테두리",없음,잔상있음,"배터리성능저하, 스피커, 마이크, 진동"
23시간 전,A,"460,000",아이폰 13 128GB,개봉,없음,없음,없음,없음,없음
23시간 전,S,"1,045,000",갤럭시 S23 울트라 512GB,미개봉,없음,없음,없음,없음,없음
23시간 전,A,"916,000",아이폰 14 프로 512GB,개봉,없음,없음,없음,없음,없음
23시간 전,E,"359,000",아이폰 12 프로 맥스 128GB,개봉,테두리,테두리,없음,없음,"배터리성능저하, 스피커, 마이크, 진동"
23시간 전,B,"322,000",아이폰 13 미니 128GB,개봉,테두리,없음,없음,없음,없음
23시간 전,A,"670,000",아이폰 14 플러스 256GB,개봉,없음,없음,없음,없음,없음
23시간 전,A,"630,000",아이폰 13 프로 256GB,개봉,없음,없음,없음,없음,없음
23시간 전,E,"103,000",갤럭시 S10 플러스 128GB,개봉,전면,없음,없음,잔상있음,없음
1일 전,C,"125,000",아이폰 8 플러스 64GB,개봉,전면,후면,없음,없음,없음
1일 전,A,"105,000",애플워치 SE 44mm 셀룰러 32GB,개봉,없음,없음,없음,없음,없음
1일 전,A,"545,000",아이폰 13 1024GB,개봉,없음,없음,없음,없음,없음
1일 전,D,"339,000",아이폰 12 프로 256GB,개봉,"후면, 테두리","전면, 후면, 테두리",없음,없음,없음
1일 전,A,"881,000",갤럭시 S23 울트라 256GB,개봉,없음,없음,없음,없음,없음
1일 전,A,"650,000",아이폰 13 프로맥스 128GB,개봉,없음,없음,없음,없음,없음
1일 전,D,"359,000",아이폰 12 프로 256GB,개봉,없음,없음,없음,없음,배터리성능저하
1일 전,A,"816,000",아이폰 14 프로 128GB,개봉,없음,없음,없음,없음,없음
1일 전,D,"419,000",아이폰 12 프로 맥스 128GB,개봉,"전면, 테두리",없음,없음,없음,배터리성능저하
1일 전,C,"45,000",갤럭시 A80 128GB,개봉,전면,"전면, 후면",없음,없음,없음
1일 전,D,"399,000",아이폰 12 프로 맥스 128GB,개봉,"전면, 테두리","전면, 테두리",없음,없음,배터리성능저하
1일 전,A,"495,000",아이폰 12 프로 256GB,개봉,없음,없음,없음,없음,없음
1일 전,D,"40,000",아이폰 7 32GB,개봉,테두리,전면,없음,없음,배터리성능저하
1일 전,A,"267,000",갤럭시 Z플립3 256GB,개봉,없음,없음,없음,없음,없음
1일 전,E,"1,000",아이폰 12 미니 128GB,개봉,"전면, 후면, 테두리","전면, 테두리",LCD 파손,없음,"E급
판매 접수 시 입력한 단말기 상태를 바탕으로 산정한 등급이며, 검수 후 최종 산정된 등급이나 거래금액과는 다를 수 있습니다."
1일 전,D,"242,000",아이폰 12 128GB,개봉,없음,테두리,없음,없음,배터리성능저하
1일 전,C,"142,000",애플워치 7시리즈 41mm 32GB,개봉,전면,없음,없음,없음,없음
1일 전,B,"207,000",갤럭시S21 256GB,개봉,후면,없음,없음,없음,없음
1일 전,D,"359,000",아이폰 12 프로 256GB,개봉,테두리,후면,없음,없음,배터리성능저하
1일 전,A,"262,000",아이폰 12 미니 128GB,개봉,없음,없음,없음,없음,없음
1일 전,B,"207,000",갤럭시S21 256GB,개봉,후면,없음,없음,없음,없음
1일 전,C,"192,000",아이폰 12 64GB,개봉,없음,테두리,없음,없음,없음
1일 전,E,"67,000",갤럭시 노트 9 128GB,개봉,없음,없음,없음,잔상있음,없음
1일 전,D,"155,000",아이폰 11 64GB,개봉,전면,전면,없음,없음,없음
1일 전,D,"312,000",아이폰 12 프로 128GB,개봉,없음,없음,없음,없음,배터리성능저하
1일 전,E,"82,000",아이폰 13 프로 128GB,개봉,없음,없음,LCD 파손,"배터리성능저하, 카메라","E급
판매 접수 시 입력한 단말기 상태를 바탕으로 산정한 등급이며, 검수 후 최종 산정된 등급이나 거래금액과는 다를 수 있습니다."
1일 전,F,"7,000",아이폰 7 32GB,개봉,없음,없음,LCD 파손,"배터리성능저하, 카메라","E급
판매 접수 시 입력한 단말기 상태를 바탕으로 산정한 등급이며, 검수 후 최종 산정된 등급이나 거래금액과는 다를 수 있습니다."
1일 전,D,"322,000",아이폰 12 프로 128GB,개봉,"후면, 테두리",없음,없음,없음,"전원, 충전, 배터리성능저하"
1일 전,A,"1,031,000",갤럭시 폴드5 256GB,개봉,전면,없음,없음,없음,배터리성능저하
1일 전,D,"374,000",아이폰 13 128GB,개봉,없음,없음,없음,없음,없음
1일 전,B,"996,000",아이폰 14 프로맥스 256GB,개봉,"후면, 테두리","후면, 테두리",없음,없음,배터리성능저하
1일 전,C,"147,000",갤럭시 노트20 256GB,개봉,테두리,없음,없음,없음,없음
1일 전,C,"147,000",갤럭시 노트20 256GB,개봉,테두리,테두리,없음,없음,없음
1일 전,D,"147,000",아이폰 12 미니 64GB,개봉,테두리,테두리,없음,없음,배터리성능저하
1일 전,E,"67,000",아이폰 X 256GB,개봉,없음,없음,LCD 파손,배터리성능저하,"E급
판매 접수 시 입력한 단말기 상태를 바탕으로 산정한 등급이며, 검수 후 최종 산정된 등급이나 거래금액과는 다를 수 있습니다."
1일 전,E,"17,000",갤럭시 노트 9 128GB,개봉,"전면, 후면","전면, 후면",LCD 파손,없음,"E급
판매 접수 시 입력한 단말기 상태를 바탕으로 산정한 등급이며, 검수 후 최종 산정된 등급이나 거래금액과는 다를 수 있습니다."
1일 전,D,"17,000",아이폰 6 32GB,개봉,테두리,없음,없음,없음,배터리성능저하
1일 전,C,"289,000",갤럭시 노트20 울트라 256GB,개봉,없음,테두리,없음,없음,없음
1일 전,A,"93,000",갤럭시 S9 64GB,개봉,없음,없음,없음,없음,없음
1일 전,D,"18,000",아이폰 SE 64GB,개봉,"전면, 후면, 테두리","전면, 테두리",없음,없음,없음
1일 전,A,"520,000",갤럭시 Z폴드3 512GB,개봉,없음,없음,없음,없음,없음
1일 전,A,"585,000",갤럭시 S23 256GB,개봉,없음,없음,없음,없음,없음
1일 전,A,"585,000",갤럭시 S23 256GB,개봉,없음,없음,없음,없음,없음
1일 전,B,"535,000",아이폰 14 128GB,개봉,"후면, 테두리","후면, 테두리",없음,없음,없음
1일 전,C,"62,000",아이폰 7 플러스 128GB,미개봉,없음,없음,없음,없음,없음
1일 전,S,"881,000",아이폰 13 프로맥스 256GB,개봉,없음,테두리,없음,없음,"배터리성능저하, 카메라"
1일 전,D,"170,000",아이폰 12 128GB,개봉,"전면, 후면","전면, 후면",없음,없음,없음
1일 전,D,"83,000",아이폰 X 64GB,개봉,"전면, 후면, 테두리",테두리,없음,없음,없음
1일 전,C,"455,000",아이폰 12 프로 맥스 256GB,개봉,없음,없음,없음,없음,없음
1일 전,A,"344,000",아이폰 11 프로 256GB,미개봉,없음,없음,없음,없음,없음
1일 전,S,"1,661,000",아이폰 15 프로 1024GB,개봉,전면,테두리,없음,없음,없음
1일 전,C,"162,000",아이폰 XS 256GB,개봉,후면,테두리,없음,없음,없음
1일 전,D,"207,000",아이폰 11 128GB,개봉,없음,없음,없음,없음,배터리성능저하
1일 전,A,"65,000",갤럭시 A30 32GB,개봉,없음,없음,없음,없음,없음
1일 전,D,"222,000",아이폰 12 256GB,개봉,"전면, 후면, 테두리","전면, 후면, 테두리",없음,없음,배터리성능저하
1일 전,D,"312,000",아이폰 12 프로 256GB,개봉,"후면, 테두리",후면,없음,없음,"생체인식, 배터리성능저하"
1일 전,D,"207,000",아이폰 11 128GB,개봉,후면,없음,없음,없음,배터리성능저하
1일 전,C,"172,000",아이폰 XR 128GB,개봉,없음,테두리,없음,없음,없음
1일 전,E,"142,000",아이폰 11 프로 256GB,개봉,테두리,테두리,LCD 파손,생체인식,"E급
판매 접수 시 입력한 단말기 상태를 바탕으로 산정한 등급이며, 검수 후 최종 산정된 등급이나 거래금액과는 다를 수 있습니다."
1일 전,D,"75,000",아이폰 SE2 (2020) 64GB,개봉,없음,없음,없음,없음,배터리성능저하
1일 전,D,"192,000",아이폰 12 64GB,개봉,"전면, 후면, 테두리","후면, 테두리",없음,없음,배터리성능저하
1일 전,B,"292,000",아이폰 13 미니 128GB,개봉,"후면, 테두리",없음,없음,없음,없음
1일 전,C,"135,000",갤럭시 S20 플러스 256GB,개봉,없음,후면,없음,없음,없음
1일 전,C,"277,000",아이폰 13 미니 128GB,개봉,후면,테두리,없음,없음,없음
1일 전,E,"24,000",갤럭시 A21S 32GB,개봉,"후면, 테두리",테두리,없음,잔상있음,없음
1일 전,A,"816,000",아이폰 14 프로 128GB,개봉,없음,없음,없음,없음,없음
1일 전,D,"520,000",아이폰 13 프로 256GB,개봉,없음,테두리,없음,없음,배터리성능저하
1일 전,D,"142,000",아이폰 XS 256GB,개봉,없음,전면,없음,없음,없음
1일 전,D,"326,000",아이폰 13 128GB,개봉,"전면, 후면, 테두리","전면, 후면, 테두리",없음,없음,없음
1일 전,A,"886,000",아이폰 14 프로 256GB,개봉,"전면, 후면, 테두리","전면, 후면, 테두리",없음,없음,없음
1일 전,C,"244,000",아이폰 11 프로 256GB,개봉,없음,없음,없음,없음,없음
1일 전,A,"881,000",갤럭시 S23 울트라 256GB,개봉,"전면, 테두리",테두리,없음,없음,없음
1일 전,A,"881,000",갤럭시 S23 울트라 256GB,개봉,없음,없음,없음,없음,없음
1일 전,E,"42,000",갤럭시 S20 128GB,개봉,"전면, 테두리","전면, 테두리",LCD 파손,없음,"E급
판매 접수 시 입력한 단말기 상태를 바탕으로 산정한 등급이며, 검수 후 최종 산정된 등급이나 거래금액과는 다를 수 있습니다."
1일 전,D,"605,000",아이폰 13 프로맥스 256GB,개봉,테두리,테두리,없음,없음,배터리성능저하
1일 전,A,"530,000",아이폰 13 256GB,개봉,없음,없음,없음,없음,없음
1일 전,A,"505,000",아이폰 12 프로 512GB,개봉,없음,없음,없음,없음,없음
1일 전,D,"740,000",아이폰 14 프로 256GB,개봉,없음,없음,없음,없음,배터리성능저하
1일 전,E,"103,000",아이폰 11 64GB,개봉,"전면, 후면, 테두리","전면, 후면, 테두리",LCD 파손,배터리성능저하,"E급
판매 접수 시 입력한 단말기 상태를 바탕으로 산정한 등급이며, 검수 후 최종 산정된 등급이나 거래금액과는 다를 수 있습니다."
1일 전,A,"339,000",아이폰 13 미니 128GB,개봉,없음,없음,없음,없음,없음
1일 전,E,"80,000",아이폰 8 256GB,개봉,테두리,"전면, 테두리",없음,잔상있음,배터리성능저하
1일 전,D,"277,000",아이폰 13 미니 128GB,개봉,"후면, 테두리",테두리,없음,없음,배터리성능저하
1일 전,D,"125,000",아이폰 11 64GB,개봉,"전면, 후면, 테두리",테두리,없음,없음,없음
1일 전,A,"570,000",아이폰 12 프로 맥스 256GB,개봉,없음,없음,없음,없음,없음
1일 전,C,"125,000",갤럭시 Z플립3 256GB,개봉,"전면, 후면, 테두리","전면, 후면, 테두리",없음,없음,없음
1일 전,D,"222,000",아이폰 12 128GB,개봉,테두리,"전면, 후면",없음,없음,없음
1일 전,F,"1,000",갤럭시 S7 32GB,개봉,"전면, 후면, 테두리",전면,LCD 파손,전원,"F급
판매 접수 시 입력한 단말기 상태를 바탕으로 산정한 등급이며, 검수 후 최종 산정된 등급이나 거래금액과는 다를 수 있습니다."
1일 전,A,"1,016,000",아이폰 14 프로맥스 256GB,개봉,없음,없음,없음,없음,없음
1일 전,F,"17,000",아이폰 X 64GB,개봉,"전면, 후면, 테두리","전면, 후면, 테두리",LCD 파손,"전원, 충전","F급
판매 접수 시 입력한 단말기 상태를 바탕으로 산정한 등급이며, 검수 후 최종 산정된 등급이나 거래금액과는 다를 수 있습니다."
1일 전,A,"354,000",갤럭시Z플립4 512GB,개봉,없음,없음,없음,없음,없음
1일 전,A,"354,000",아이폰 12 128GB,개봉,없음,없음,없음,없음,없음
1일 전,A,"1,156,000",아이폰 15 프로 256GB,개봉,없음,없음,없음,없음,없음
1일 전,A,"1,156,000",아이폰 15 프로 256GB,개봉,없음,없음,없음,없음,없음
1일 전,C,"242,000",아이폰 12 128GB,개봉,없음,테두리,없음,없음,없음
1일 전,D,"201,000",아이폰 12 128GB,개봉,없음,테두리,없음,없음,없음
1일 전,D,"242,000",아이폰 12 128GB,개봉,"전면, 테두리",전면,없음,없음,없음
1일 전,D,"192,000",아이폰 12 미니 128GB,개봉,테두리,테두리,없음,없음,배터리성능저하
1일 전,C,"450,000",아이폰 13 프로 128GB,개봉,테두리,테두리,없음,없음,배터리성능저하
1일 전,D,"510,000",아이폰 13 프로 256GB,개봉,"전면, 테두리",후면,없음,없음,없음
1일 전,D,"27,000",아이폰 6S 32GB,개봉,테두리,후면,없음,없음,배터리성능저하
1일 전,F,"2,000",아이폰 6S 32GB,개봉,테두리,없음,없음,없음,배터리성능저하
1일 전,C,"455,000",아이폰 12 프로 맥스 256GB,개봉,테두리,없음,없음,없음,"전원, 충전, 배터리성능저하"
1일 전,C,"455,000",아이폰 12 프로 맥스 256GB,개봉,없음,"후면, 테두리",없음,없음,없음
1일 전,E,"157,000",아이폰 11 128GB,개봉,테두리,없음,LCD 파손,배터리성능저하,"E급
판매 접수 시 입력한 단말기 상태를 바탕으로 산정한 등급이며, 검수 후 최종 산정된 등급이나 거래금액과는 다를 수 있습니다."
1일 전,C,"520,000",아이폰 13 프로 256GB,개봉,"전면, 테두리",테두리,없음,없음,없음
1일 전,E,"78,000",갤럭시 노트20 울트라 256GB,개봉,"전면, 후면, 테두리","전면, 후면, 테두리",LCD 파손,"카메라, 터치","E급
판매 접수 시 입력한 단말기 상태를 바탕으로 산정한 등급이며, 검수 후 최종 산정된 등급이나 거래금액과는 다를 수 있습니다."
1일 전,C,"135,000",아이폰 XR 64GB,개봉,"전면, 테두리",테두리,없음,없음,없음
1일 전,A,"630,000",아이폰 13 프로 256GB,개봉,없음,없음,없음,없음,없음
1일 전,A,"334,000",갤럭시 S20 울트라 512GB,개봉,없음,없음,없음,없음,없음
1일 전,B,"90,000",갤럭시 노트 8 256GB,개봉,없음,없음,없음,없음,없음
1일 전,E,"110,000",아이폰 12 프로 256GB,개봉,"후면, 테두리",없음,없음,없음,없음
1일 전,E,"83,000",갤럭시 S10 5G 256GB,개봉,"후면, 테두리","후면, 테두리",없음,없음,생체인식
1일 전,E,"83,000",갤럭시 S10 5G 256GB,개봉,없음,전면,없음,잔상있음,없음
1일 전,D,"354,000",아이폰 13 프로 128GB,개봉,"전면, 테두리","전면, 테두리",없음,없음,"카메라, 배터리성능저하"
1일 전,E,"67,000",아이폰 X 256GB,개봉,"전면, 테두리","전면, 테두리",없음,없음,"카메라, 배터리성능저하"
1일 전,B,"470,000",애플워치 울트라 49mm 셀룰러 32GB,개봉,테두리,테두리,LCD 파손,배터리성능저하,"E급
판매 접수 시 입력한 단말기 상태를 바탕으로 산정한 등급이며, 검수 후 최종 산정된 등급이나 거래금액과는 다를 수 있습니다."
1일 전,C,"105,000",갤럭시 노트 9 128GB,개봉,테두리,없음,없음,없음,없음
1일 전,A,"645,000",갤럭시 S22 울트라 256GB,개봉,"전면, 후면, 테두리","전면, 후면, 테두리",없음,없음,펜분실
1일 전,D,"339,000",아이폰 12 프로 256GB,개봉,없음,없음,없음,없음,없음
1일 전,D,"339,000",아이폰 12 프로 256GB,개봉,없음,전면,없음,없음,배터리성능저하
1일 전,E,"2,000",아이폰 6S 64GB,개봉,없음,전면,없음,없음,배터리성능저하
1일 전,A,"1,301,000",아이폰 15 프로맥스 256GB,개봉,없음,전면,없음,없음,배터리성능저하
1일 전,D,"339,000",아이폰 12 프로 256GB,개봉,없음,전면,없음,없음,배터리성능저하
1일 전,E,"2,000",아이폰 6S 64GB,개봉,"전면, 테두리","전면, 테두리",LCD 파손,"배터리성능저하, 스피커, 마이크, 진동","E급
판매 접수 시 입력한 단말기 상태를 바탕으로 산정한 등급이며, 검수 후 최종 산정된 등급이나 거래금액과는 다를 수 있습니다."
1일 전,A,"1,301,000",아이폰 15 프로맥스 256GB,개봉,없음,없음,없음,없음,없음
1일 전,C,"192,000",아이폰 12 미니 128GB,개봉,없음,테두리,없음,없음,없음
1일 전,C,"460,000",아이폰 13 프로 128GB,개봉,테두리,테두리,없음,없음,없음
1일 전,C,"206,000",아이폰 11 프로 64GB,개봉,"후면, 테두리",테두리,없음,없음,없음
1일 전,E,"90,000",갤럭시 노트20 울트라 256GB,개봉,"전면, 후면, 테두리","전면, 후면, 테두리",LCD 파손,없음,"E급
판매 접수 시 입력한 단말기 상태를 바탕으로 산정한 등급이며, 검수 후 최종 산정된 등급이나 거래금액과는 다를 수 있습니다."
1일 전,E,"7,000",아이폰 12 미니 128GB,개봉,"전면, 후면, 테두리","전면, 후면, 테두리",LCD 파손,없음,"E급
판매 접수 시 입력한 단말기 상태를 바탕으로 산정한 등급이며, 검수 후 최종 산정된 등급이나 거래금액과는 다를 수 있습니다."
1일 전,A,"655,000",아이폰 15 128GB,개봉,후면,없음,없음,없음,배터리성능저하
1일 전,C,"92,000",아이패드 프로 12.9 3세대 Wifi 256GB,개봉,없음,없음,없음,없음,없음
1일 전,C,"92,000",아이패드 프로 12.9 3세대 Wifi 256GB,개봉,테두리,테두리,없음,없음,없음
1일 전,D,"192,000",아이폰 12 64GB,개봉,테두리,후면,없음,없음,배터리성능저하
1일 전,E,"19,000",아이폰 11 128GB,개봉,테두리,"전면, 테두리",LCD 파손,계정잠김,"E급
판매 접수 시 입력한 단말기 상태를 바탕으로 산정한 등급이며, 검수 후 최종 산정된 등급이나 거래금액과는 다를 수 있습니다."
1일 전,E,"20,000",갤럭시 S10 5G 256GB,개봉,없음,전면,LCD 파손,없음,"E급
판매 접수 시 입력한 단말기 상태를 바탕으로 산정한 등급이며, 검수 후 최종 산정된 등급이나 거래금액과는 다를 수 있습니다."
1일 전,A,"816,000",아이폰 14 프로 128GB,개봉,없음,없음,없음,없음,없음
1일 전,C,"540,000",아이폰 13 프로 256GB,개봉,"전면, 테두리",없음,없음,없음,없음
1일 전,B,"83,000",갤럭시 S10E 128GB,개봉,전면,없음,없음,없음,없음
1일 전,D,"460,000",아이폰 13 256GB,개봉,없음,테두리,없음,없음,배터리성능저하
1일 전,C,"394,000",아이폰 13 128GB,개봉,없음,테두리,없음,없음,없음
1일 전,C,"78,000",갤럭시 S10E 128GB,개봉,없음,전면,없음,없음,없음
1일 전,E,"125,000",아이폰 11 프로 256GB,개봉,없음,테두리,없음,없음,배터리성능저하
1일 전,C,"110,000",갤럭시 노트 9 128GB,개봉,"전면, 후면","전면, 후면",없음,없음,없음
1일 전,D,"105,000",아이폰 XR 64GB,개봉,없음,테두리,없음,없음,"카메라, 배터리성능저하"
1일 전,C,"359,000",아이폰 12 프로 256GB,개봉,전면,테두리,없음,없음,없음
1일 전,E,"25,000",갤럭시 S10 128GB,개봉,"전면, 후면, 테두리","전면, 후면, 테두리",LCD 파손,없음,"E급
판매 접수 시 입력한 단말기 상태를 바탕으로 산정한 등급이며, 검수 후 최종 산정된 등급이나 거래금액과는 다를 수 있습니다."
1일 전,S,"665,000",갤럭시 S23 256GB,미개봉,없음,없음,없음,없음,없음
1일 전,E,"95,000",갤럭시S21 256GB,개봉,"전면, 테두리","전면, 테두리",없음,잔상있음,없음
1일 전,E,"47,000",갤럭시Z플립4 256GB,개봉,"전면, 테두리","전면, 테두리",없음,잔상있음,없음
1일 전,D,"192,000",아이폰 12 64GB,개봉,테두리,테두리,LCD 파손,터치,"E급
판매 접수 시 입력한 단말기 상태를 바탕으로 산정한 등급이며, 검수 후 최종 산정된 등급이나 거래금액과는 다를 수 있습니다."
1일 전,F,"1,000",갤럭시 S10 128GB,개봉,"후면, 테두리",테두리,없음,없음,배터리성능저하
1일 전,F,"1,000",갤럭시 S10 128GB,개봉,"전면, 테두리","전면, 테두리",LCD 파손,"터치, 충전","F급
판매 접수 시 입력한 단말기 상태를 바탕으로 산정한 등급이며, 검수 후 최종 산정된 등급이나 거래금액과는 다를 수 있습니다."
1일 전,D,"1,000",아이패드 프로 11 1세대 LTE 256GB,개봉,"전면, 테두리","전면, 테두리",없음,없음,없음
1일 전,D,"247,000",아이폰 11 프로 256GB,개봉,"전면, 테두리","전면, 테두리",없음,없음,배터리성능저하
1일 전,C,"394,000",아이폰 12 프로 256GB,개봉,전면,없음,없음,없음,없음
1일 전,A,"399,000",아이폰 13 미니 256GB,개봉,없음,없음,없음,없음,없음
1일 전,D,"37,000",아이폰 7 128GB,개봉,"전면, 후면, 테두리","전면, 후면, 테두리",없음,없음,없음
1일 전,E,"105,000",아이폰 11 프로 256GB,개봉,테두리,전면,없음,없음,없음
1일 전,A,"267,000",갤럭시 Z플립3 256GB,개봉,없음,없음,없음,없음,없음
1일 전,B,"55,000",아이폰 7 128GB,개봉,"후면, 테두리",없음,없음,없음,없음
1일 전,D,"17,000",갤럭시 노트 5 64GB,개봉,없음,테두리,없음,없음,펜분실
1일 전,E,"9,000",갤럭시 노트 8 64GB,개봉,없음,전면,LCD 파손,펜분실,"E급
판매 접수 시 입력한 단말기 상태를 바탕으로 산정한 등급이며, 검수 후 최종 산정된 등급이나 거래금액과는 다를 수 있습니다."
1일 전,A,"287,000",아이폰 SE3 (2022) 128GB,개봉,없음,없음,없음,없음,없음
1일 전,D,"17,000",갤럭시 노트 5 64GB,개봉,없음,없음,없음,없음,펜분실
1일 전,D,"267,000",아이폰 11 프로 256GB,개봉,없음,후면,없음,없음,배터리성능저하
1일 전,C,"394,000",아이폰 12 프로 256GB,개봉,전면,없음,없음,없음,없음
1일 전,D,"435,000",아이폰 12 프로 맥스 256GB,개봉,없음,"전면, 후면",없음,없음,없음
1일 전,A,"735,000",아이폰 15 256GB,개봉,없음,없음,없음,없음,없음
1일 전,A,"72,000",갤럭시 A9 Pro 128GB,개봉,없음,없음,없음,없음,없음
1일 전,D,"359,000",아이폰 12 프로 256GB,개봉,"후면, 테두리",테두리,없음,없음,배터리성능저하
1일 전,C,"172,000",갤럭시Z플립4 256GB,개봉,테두리,테두리,없음,없음,없음
1일 전,C,"490,000",갤럭시 S22 울트라 256GB,개봉,전면,전면,없음,없음,생체인식
1일 전,D,"237,000",아이폰 11 프로 256GB,개봉,없음,전면,없음,없음,없음
1일 전,D,"102,000",아이폰 8 플러스 64GB,개봉,테두리,"전면, 테두리",없음,없음,배터리성능저하
1일 전,C,"17,000",갤럭시 M20 32GB,개봉,테두리,"전면, 테두리",없음,없음,배터리성능저하
1일 전,B,"242,000",아이폰 12 미니 128GB,개봉,전면,전면,없음,없음,없음
1일 전,D,"322,000",아이폰 12 프로 128GB,개봉,테두리,없음,없음,없음,없음
1일 전,D,"12,000",아이패드 7세대 Wifi 32GB,개봉,테두리,없음,없음,없음,없음
1일 전,D,"170,000",아이폰 12 미니 128GB,개봉,후면,테두리,없음,없음,배터리성능저하
1일 전,C,"125,000",갤럭시 S10 128GB,개봉,테두리,전면,없음,없음,없음
1일 전,C,"192,000",아이폰 12 미니 128GB,개봉,없음,전면,없음,없음,없음
1일 전,C,"125,000",갤럭시 S10 128GB,개봉,"전면, 후면, 테두리","전면, 후면, 테두리",없음,없음,없음
1일 전,C,"192,000",아이폰 12 미니 128GB,개봉,테두리,테두리,없음,없음,없음
1일 전,A,"284,000",갤럭시S21 256GB,개봉,없음,없음,없음,없음,없음
1일 전,A,"135,000",갤럭시 A71 (퀀텀) 128GB,개봉,없음,없음,없음,없음,없음
1일 전,C,"130,000",갤럭시 S10 5G 256GB,개봉,테두리,후면,없음,없음,없음
1일 전,A,"257,000",갤럭시 Z플립3 256GB,개봉,없음,없음,없음,없음,없음
1일 전,C,"83,000",갤럭시 노트 8 64GB,개봉,테두리,전면,없음,없음,없음
1일 전,B,"630,000",아이폰 13 프로 512GB,개봉,테두리,없음,없음,없음,없음
1일 전,D,"207,000",아이폰 11 프로 256GB,개봉,전면,전면,없음,없음,생체인식
1일 전,C,"202,000",갤럭시 노트 10 플러스 512GB,개봉,"전면, 후면, 테두리","전면, 후면, 테두리",없음,없음,없음
1일 전,C,"202,000",갤럭시 노트 10 플러스 512GB,개봉,"전면, 후면, 테두리","전면, 후면, 테두리",없음,없음,없음
1일 전,E,"77,000",아이폰 XR 64GB,개봉,테두리,"전면, 후면",LCD 파손,없음,"E급
판매 접수 시 입력한 단말기 상태를 바탕으로 산정한 등급이며, 검수 후 최종 산정된 등급이나 거래금액과는 다를 수 있습니다."
1일 전,D,"322,000",아이폰 12 프로 128GB,개봉,테두리,"전면, 후면",LCD 파손,없음,"E급
판매 접수 시 입력한 단말기 상태를 바탕으로 산정한 등급이며, 검수 후 최종 산정된 등급이나 거래금액과는 다를 수 있습니다."
1일 전,C,"359,000",아이폰 12 프로 256GB,개봉,없음,없음,없음,없음,배터리성능저하
1일 전,D,"359,000",아이폰 12 프로 256GB,개봉,없음,테두리,없음,없음,없음
1일 전,D,"277,000",아이폰 13 미니 128GB,개봉,테두리,없음,없음,없음,배터리성능저하
1일 전,C,"95,000",갤럭시 S9 플러스 64GB,개봉,없음,없음,없음,없음,배터리성능저하
1일 전,A,"344,000",갤럭시Z플립4 256GB,개봉,후면,테두리,없음,없음,없음
1일 전,C,"17,000",갤럭시 M20 32GB,개봉,없음,없음,없음,없음,없음
1일 전,E,"67,000",갤럭시 노트 9 128GB,개봉,전면,전면,없음,없음,없음
1일 전,E,"67,000",갤럭시 노트 9 128GB,개봉,"전면, 후면, 테두리","전면, 테두리",없음,잔상있음,카메라
1일 전,C,"447,000",아이폰 13 256GB,개봉,테두리,테두리,없음,없음,없음
1일 전,E,"135,000",아이폰 13 128GB,개봉,"전면, 후면, 테두리","전면, 후면, 테두리",LCD 파손,터치,"E급
판매 접수 시 입력한 단말기 상태를 바탕으로 산정한 등급이며, 검수 후 최종 산정된 등급이나 거래금액과는 다를 수 있습니다."
1일 전,C,"460,000",아이폰 13 256GB,개봉,테두리,테두리,없음,없음,없음
1일 전,D,"197,000",아이폰 11 256GB,개봉,테두리,전면,없음,없음,없음
1일 전,D,"267,000",아이폰 11 프로 256GB,개봉,없음,없음,없음,없음,배터리성능저하
1일 전,E,"110,000",아이폰 11 64GB,개봉,"전면, 후면, 테두리","전면, 후면, 테두리",LCD 파손,터치,"E급
판매 접수 시 입력한 단말기 상태를 바탕으로 산정한 등급이며, 검수 후 최종 산정된 등급이나 거래금액과는 다를 수 있습니다."
1일 전,C,"125,000",갤럭시 Z플립3 256GB,개봉,테두리,테두리,없음,없음,없음
1일 전,A,"460,000",아이폰 13 128GB,개봉,없음,없음,없음,없음,없음
1일 전,D,"424,000",아이폰 13 프로 128GB,개봉,테두리,"전면, 후면",없음,없음,배터리성능저하
1일 전,A,"344,000",아이폰 11 프로 256GB,개봉,없음,없음,없음,없음,없음
1일 전,C,"52,000",애플워치 SE 40mm 32GB,개봉,없음,없음,없음,없음,없음
1일 전,C,"495,000",아이폰 14 256GB,개봉,전면,없음,없음,없음,없음
1일 전,A,"800,000",아이폰 14 프로 128GB,개봉,테두리,테두리,없음,없음,없음
1일 전,A,"237,000",아이폰 XR 128GB,개봉,없음,없음,없음,없음,없음
1일 전,A,"93,000",애플워치 SE 44mm 32GB,개봉,없음,없음,없음,없음,없음
1일 전,C,"125,000",아이폰 8 플러스 64GB,개봉,없음,없음,없음,없음,없음
1일 전,D,"207,000",아이폰 11 128GB,개봉,없음,없음,없음,없음,없음
1일 전,B,"187,000",아이폰 XS 64GB,개봉,테두리,테두리,없음,없음,없음
1일 전,A,"881,000",갤럭시 S23 울트라 256GB,개봉,없음,없음,없음,없음,배터리성능저하
1일 전,B,"187,000",아이폰 XS 64GB,개봉,테두리,없음,없음,없음,없음
1일 전,A,"881,000",갤럭시 S23 울트라 256GB,개봉,없음,없음,없음,없음,없음
1일 전,A,"394,000",아이패드 에어 5세대 Wifi 256GB,개봉,없음,없음,없음,없음,없음
1일 전,E,"110,000",아이폰 XS 64GB,개봉,"전면, 후면, 테두리",테두리,없음,없음,"배터리성능저하, 스피커, 마이크, 진동"
1일 전,D,"72,000",아이폰 8 64GB,개봉,없음,없음,없음,없음,배터리성능저하
1일 전,D,"105,000",아이폰 SE2 (2020) 128GB,개봉,테두리,없음,없음,없음,배터리성능저하
1일 전,A,"165,000",아이폰 SE2 (2020) 128GB,개봉,테두리,없음,없음,없음,배터리성능저하
1일 전,B,"550,000",아이폰 12 프로 맥스 256GB,개봉,없음,없음,없음,없음,없음
1일 전,D,"115,000",아이폰 XS 64GB,개봉,테두리,없음,없음,없음,없음
1일 전,D,"207,000",아이폰 11 프로 64GB,개봉,없음,"전면, 후면, 테두리",없음,없음,없음
1일 전,D,"207,000",아이폰 11 프로 64GB,개봉,"전면, 테두리",전면,없음,없음,배터리성능저하
1일 전,D,"267,000",아이폰 11 프로 256GB,개봉,테두리,테두리,없음,없음,배터리성능저하
1일 전,C,"125,000",갤럭시 Z플립3 256GB,개봉,없음,테두리,없음,없음,없음
1일 전,D,"192,000",아이폰 12 64GB,개봉,없음,테두리,없음,없음,배터리성능저하
1일 전,A,"520,000",갤럭시 Z폴드3 256GB,개봉,없음,없음,없음,없음,없음
1일 전,A,"630,000",아이폰 13 프로 256GB,개봉,없음,없음,없음,없음,없음
1일 전,A,"125,000",아이폰 8 64GB,개봉,없음,없음,없음,없음,없음
1일 전,C,"359,000",아이폰 12 프로 256GB,개봉,없음,테두리,없음,없음,없음
1일 전,E,"87,000",아이폰 11 프로 256GB,개봉,"후면, 테두리",테두리,없음,없음,"배터리성능저하, 카메라"
1일 전,D,"322,000",아이폰 12 프로 128GB,개봉,후면,후면,없음,없음,배터리성능저하
1일 전,B,"75,000",애플워치 SE 40mm 32GB,개봉,테두리,없음,없음,없음,없음
1일 전,A,"630,000",아이폰 13 프로 256GB,개봉,없음,없음,없음,없음,없음
1일 전,A,"267,000",갤럭시 Z플립3 256GB,개봉,없음,없음,없음,없음,없음
1일 전,A,"630,000",아이폰 13 프로 256GB,개봉,없음,없음,없음,없음,없음
1일 전,D,"207,000",아이폰 11 128GB,개봉,없음,테두리,없음,없음,배터리성능저하
1일 전,B,"425,000",아이폰 12 프로 128GB,개봉,테두리,없음,없음,없음,없음
1일 전,D,"242,000",아이폰 12 128GB,개봉,테두리,없음,없음,없음,배터리성능저하
1일 전,B,"620,000",아이폰 14 256GB,개봉,테두리,없음,없음,없음,없음
1일 전,A,"886,000",아이폰 14 프로 256GB,개봉,없음,없음,없음,없음,없음
1일 전,E,"47,000",갤럭시Z플립4 256GB,개봉,없음,없음,LCD 파손,없음,"E급
판매 접수 시 입력한 단말기 상태를 바탕으로 산정한 등급이며, 검수 후 최종 산정된 등급이나 거래금액과는 다를 수 있습니다."
1일 전,D,"182,000",아이폰 12 64GB,개봉,후면,후면,없음,없음,배터리성능저하
1일 전,C,"309,000",갤럭시S21 울트라 256GB,개봉,테두리,테두리,없음,없음,없음
1일 전,D,"192,000",아이폰 12 64GB,개봉,테두리,테두리,없음,없음,배터리성능저하
1일 전,F,"2,000",아이폰 6S 64GB,개봉,"전면, 후면, 테두리","전면, 후면, 테두리",없음,없음,"전원, 충전"
1일 전,C,"87,000",갤럭시 S20FE 128GB,개봉,전면,"후면, 테두리",없음,없음,없음
1일 전,A,"460,000",아이폰 13 128GB,개봉,없음,없음,없음,없음,없음
1일 전,A,"354,000",갤럭시Z플립4 512GB,개봉,없음,없음,없음,없음,없음
1일 전,B,"182,000",갤럭시 노트20 256GB,개봉,후면,없음,없음,없음,없음
1일 전,S,"961,000",아이폰 15 256GB,미개봉,없음,없음,없음,없음,없음
1일 전,B,"354,000",갤럭시S21 울트라 256GB,개봉,전면,없음,없음,없음,없음
1일 전,C,"125,000",갤럭시 Z플립3 256GB,개봉,"후면, 테두리",테두리,없음,없음,없음
1일 전,E,"22,000",갤럭시 노트 10 256GB,개봉,테두리,전면,LCD 파손,펜분실,"E급
판매 접수 시 입력한 단말기 상태를 바탕으로 산정한 등급이며, 검수 후 최종 산정된 등급이나 거래금액과는 다를 수 있습니다."
1일 전,B,"47,000",갤럭시 A30 32GB,개봉,"후면, 테두리",없음,없음,없음,없음
1일 전,A,"755,000",갤럭시Z폴드4 256GB,개봉,없음,없음,없음,없음,없음
1일 전,E,"47,000",갤럭시Z플립4 512GB,개봉,없음,없음,LCD 파손,없음,"E급
판매 접수 시 입력한 단말기 상태를 바탕으로 산정한 등급이며, 검수 후 최종 산정된 등급이나 거래금액과는 다를 수 있습니다."
1일 전,C,"83,000",갤럭시 노트 8 64GB,개봉,없음,없음,LCD 파손,없음,"E급
판매 접수 시 입력한 단말기 상태를 바탕으로 산정한 등급이며, 검수 후 최종 산정된 등급이나 거래금액과는 다를 수 있습니다."
1일 전,C,"570,000",아이폰 14 플러스 256GB,개봉,"전면, 후면, 테두리","전면, 후면, 테두리",없음,없음,없음
1일 전,D,"113,000",갤럭시 노트 10 256GB,개봉,없음,테두리,없음,없음,없음
1일 전,D,"172,000",아이폰 12 64GB,개봉,테두리,없음,없음,없음,펜분실
1일 전,C,"118,000",갤럭시 Z플립3 256GB,개봉,테두리,테두리,없음,없음,배터리성능저하
1일 전,C,"118,000",갤럭시 Z플립3 256GB,개봉,테두리,테두리,없음,없음,"스피커, 마이크"
1일 전,E,"90,000",아이폰 XR 64GB,개봉,"후면, 테두리","후면, 테두리",LCD 파손,"터치, 배터리성능저하","E급
판매 접수 시 입력한 단말기 상태를 바탕으로 산정한 등급이며, 검수 후 최종 산정된 등급이나 거래금액과는 다를 수 있습니다."
1일 전,A,"495,000",아이폰 12 프로 256GB,개봉,없음,없음,없음,없음,없음
1일 전,E,"1,000",옵티머스 2X 16GB,개봉,전면,"후면, 테두리",없음,잔상있음,"카메라, 생체인식, 터치"
1일 전,A,"570,000",아이폰 12 프로 맥스 256GB,개봉,없음,없음,없음,없음,없음
1일 전,C,"730,000",아이폰 14 프로 256GB,개봉,전면,후면,없음,없음,없음
1일 전,C,"322,000",아이폰 12 프로 128GB,개봉,없음,후면,없음,없음,없음
1일 전,E,"92,000",아이폰 11 프로 64GB,개봉,"전면, 테두리",테두리,LCD 파손,없음,"E급
판매 접수 시 입력한 단말기 상태를 바탕으로 산정한 등급이며, 검수 후 최종 산정된 등급이나 거래금액과는 다를 수 있습니다."
1일 전,D,"252,000",아이폰 12 프로 128GB,개봉,없음,"후면, 테두리",없음,없음,카메라
1일 전,D,"187,000",아이폰 11 128GB,개봉,"전면, 후면, 테두리","전면, 후면, 테두리",없음,없음,배터리성능저하
1일 전,A,"237,000",아이폰 XR 256GB,개봉,없음,없음,없음,없음,없음
1일 전,S,"1,261,000",아이폰 15 프로 256GB,미개봉,없음,없음,없음,없음,없음
1일 전,A,"595,000",갤럭시Z플립5 256GB,개봉,없음,없음,없음,없음,없음
1일 전,D,"45,000",아이폰 6S 64GB,개봉,"전면, 후면",없음,없음,없음,배터리성능저하
1일 전,D,"460,000",아이폰 13 프로 128GB,개봉,테두리,없음,없음,없음,배터리성능저하
1일 전,E,"21,000",갤럭시 S9 64GB,개봉,"전면, 후면, 테두리","전면, 후면, 테두리",LCD 파손,터치,"E급
판매 접수 시 입력한 단말기 상태를 바탕으로 산정한 등급이며, 검수 후 최종 산정된 등급이나 거래금액과는 다를 수 있습니다."
1일 전,C,"725,000",아이폰 14 프로 128GB,개봉,전면,없음,없음,없음,없음
1일 전,C,"102,000",갤럭시 S9 플러스 256GB,개봉,후면,후면,없음,없음,없음
1일 전,A,"1,156,000",아이폰 15 프로 256GB,개봉,없음,없음,없음,없음,없음
1일 전,F,"1,000",갤럭시 노트 8 64GB,개봉,전면,없음,없음,없음,전원
1일 전,C,"550,000",아이폰 13 프로맥스 128GB,개봉,테두리,테두리,없음,없음,없음
1일 전,D,"207,000",아이폰 11 128GB,개봉,전면,테두리,없음,없음,배터리성능저하
1일 전,C,"217,000",아이폰 11 프로 64GB,개봉,전면,"후면, 테두리",없음,없음,없음
1일 전,A,"12,000",갤럭시 그랜드 맥스 16GB,개봉,없음,없음,없음,없음,없음
1일 전,A,"52,000",갤럭시 노트 5 64GB,개봉,없음,없음,없음,없음,없음
1일 전,E,"90,000",아이폰 XR 64GB,개봉,없음,후면,없음,없음,"스피커, 마이크, 진동, 생체인식"
1일 전,D,"302,000",아이폰 12 프로 128GB,개봉,"전면, 테두리","전면, 후면, 테두리",없음,없음,배터리성능저하
1일 전,C,"227,000",아이폰 11 128GB,개봉,전면,없음,없음,없음,없음
1일 전,C,"730,000",아이폰 14 프로 256GB,개봉,없음,후면,없음,없음,없음
1일 전,C,"227,000",아이폰 11 128GB,개봉,전면,없음,없음,없음,없음
1일 전,D,"277,000",아이폰 13 미니 128GB,개봉,없음,없음,없음,없음,배터리성능저하
1일 전,D,"102,000",아이폰 XS 64GB,개봉,전면,전면,없음,없음,없음
1일 전,A,"354,000",아이폰 12 128GB,개봉,전면,전면,없음,없음,없음
1일 전,E,"110,000",아이폰 12 프로 256GB,개봉,없음,없음,없음,없음,없음
1일 전,A,"750,000",아이패드 프로 12.9 4세대 Wifi 512GB,개봉,없음,없음,없음,없음,생체인식
1일 전,D,"192,000",아이폰 12 미니 128GB,개봉,없음,없음,없음,없음,없음
1일 전,D,"229,000",아이폰 12 프로 128GB,개봉,전면,"후면, 테두리",없음,없음,배터리성능저하
1일 전,D,"409,000",아이폰 12 프로 맥스 128GB,개봉,전면,"후면, 테두리",없음,없음,배터리성능저하
1일 전,C,"289,000",갤럭시 S22 256GB,개봉,"전면, 테두리",없음,없음,없음,와이파이
1일 전,E,"180,000",아이폰 11 64GB,개봉,없음,후면,없음,없음,배터리성능저하
1일 전,C,"289,000",갤럭시 S22 256GB,개봉,없음,테두리,없음,없음,없음
1일 전,E,"180,000",아이폰 11 64GB,개봉,"전면, 후면, 테두리","전면, 후면, 테두리",LCD 파손,배터리성능저하,"E급
판매 접수 시 입력한 단말기 상태를 바탕으로 산정한 등급이며, 검수 후 최종 산정된 등급이나 거래금액과는 다를 수 있습니다."
1일 전,B,"45,000",갤럭시 A21S 32GB,개봉,"전면, 후면",없음,없음,없음,없음
1일 전,D,"490,000",아이폰 13 프로 256GB,개봉,"전면, 후면",전면,없음,없음,없음
1일 전,C,"127,000",갤럭시 S20 128GB,개봉,"전면, 테두리","전면, 테두리",없음,없음,없음
1일 전,D,"510,000",아이폰 14 128GB,개봉,없음,테두리,없음,없음,배터리성능저하
1일 전,D,"105,000",아이폰 XS 64GB,개봉,"전면, 후면, 테두리",없음,없음,없음,"생체인식, 배터리성능저하"
1일 전,D,"252,000",아이폰 12 256GB,개봉,없음,테두리,없음,없음,배터리성능저하
1일 전,D,"312,000",아이폰 12 프로 256GB,개봉,"전면, 테두리",후면,없음,없음,"배터리성능저하, 생체인식"
1일 전,C,"182,000",애플워치 8시리즈 41mm 32GB,개봉,전면,없음,없음,없음,없음
1일 전,D,"460,000",아이폰 13 프로 128GB,개봉,없음,테두리,없음,없음,배터리성능저하
1일 전,D,"142,000",아이폰 8 플러스 256GB,개봉,"전면, 후면, 테두리","전면, 후면, 테두리",없음,없음,없음
1일 전,A,"565,000",아이폰 14 128GB,개봉,없음,없음,없음,없음,없음
1일 전,D,"1,000",아이패드 미니 2세대 Wifi 16GB,개봉,없음,전면,없음,없음,없음
1일 전,D,"242,000",아이폰 12 128GB,개봉,전면,테두리,없음,없음,배터리성능저하
1일 전,D,"349,000",아이폰 12 프로 맥스 128GB,개봉,전면,테두리,없음,없음,"카메라, 배터리성능저하"
1일 전,E,"22,000",아이폰 7 128GB,개봉,전면,전면,LCD 파손,없음,"E급
판매 접수 시 입력한 단말기 상태를 바탕으로 산정한 등급이며, 검수 후 최종 산정된 등급이나 거래금액과는 다를 수 있습니다."
1일 전,D,"460,000",아이폰 13 프로 128GB,개봉,없음,없음,없음,없음,배터리성능저하
1일 전,C,"71,000",갤럭시 S10E 128GB,개봉,"전면, 후면, 테두리",없음,없음,없음,없음
1일 전,E,"3,000",아이폰 6S 16GB,개봉,후면,"전면, 테두리",LCD 파손,배터리성능저하,"E급
판매 접수 시 입력한 단말기 상태를 바탕으로 산정한 등급이며, 검수 후 최종 산정된 등급이나 거래금액과는 다를 수 있습니다."
1일 전,D,"192,000",아이폰 12 미니 128GB,개봉,없음,없음,없음,없음,배터리성능저하
1일 전,D,"187,000",아이폰 11 128GB,개봉,"전면, 테두리","전면, 테두리",없음,없음,배터리성능저하
1일 전,B,"130,000",아이폰 12 미니 256GB,개봉,테두리,없음,없음,없음,없음
1일 전,D,"435,000",아이폰 12 프로 맥스 256GB,개봉,테두리,전면,없음,없음,없음
1일 전,E,"87,000",갤럭시 S20 울트라 256GB,개봉,"전면, 후면, 테두리","전면, 후면, 테두리",LCD 파손,"카메라, 터치, 생체인식","E급
판매 접수 시 입력한 단말기 상태를 바탕으로 산정한 등급이며, 검수 후 최종 산정된 등급이나 거래금액과는 다를 수 있습니다."
1일 전,B,"227,000",갤럭시S21 플러스 256GB,개봉,"전면, 후면, 테두리","전면, 후면, 테두리",LCD 파손,"카메라, 터치, 생체인식","E급
판매 접수 시 입력한 단말기 상태를 바탕으로 산정한 등급이며, 검수 후 최종 산정된 등급이나 거래금액과는 다를 수 있습니다."
1일 전,D,"237,000",아이폰 11 프로 256GB,개봉,테두리,없음,없음,없음,없음
1일 전,A,"284,000",갤럭시S21 256GB,개봉,"전면, 후면, 테두리","전면, 후면, 테두리",없음,없음,배터리성능저하
1일 전,D,"322,000",아이폰 12 프로 128GB,개봉,없음,없음,없음,없음,없음
1일 전,D,"307,000",아이폰 13 미니 256GB,개봉,없음,없음,없음,없음,없음
1일 전,D,"322,000",아이폰 12 프로 128GB,개봉,"후면, 테두리","후면, 테두리",없음,없음,배터리성능저하
1일 전,D,"307,000",아이폰 13 미니 256GB,개봉,"전면, 테두리","전면, 테두리",없음,없음,배터리성능저하
1일 전,C,"15,000",갤럭시 노트 5 64GB,개봉,"전면, 후면, 테두리","전면, 후면, 테두리",없음,없음,없음
1일 전,D,"349,000",아이폰 12 프로 256GB,개봉,"전면, 후면, 테두리","전면, 후면, 테두리",없음,없음,없음
1일 전,A,"615,000",갤럭시Z플립5 512GB,개봉,테두리,없음,없음,없음,배터리성능저하
1일 전,A,"85,000",애플워치 SE 40mm 셀룰러 32GB,개봉,없음,없음,없음,없음,없음
1일 전,A,"267,000",갤럭시 Z플립3 256GB,개봉,없음,없음,없음,없음,없음
1일 전,E,"83,000",아이폰 XS 256GB,개봉,없음,없음,없음,없음,없음
1일 전,A,"267,000",갤럭시 Z플립3 256GB,개봉,전면,테두리,LCD 파손,없음,"E급
판매 접수 시 입력한 단말기 상태를 바탕으로 산정한 등급이며, 검수 후 최종 산정된 등급이나 거래금액과는 다를 수 있습니다."
1일 전,A,"570,000",아이폰 12 프로 맥스 256GB,개봉,전면,테두리,LCD 파손,없음,"E급
판매 접수 시 입력한 단말기 상태를 바탕으로 산정한 등급이며, 검수 후 최종 산정된 등급이나 거래금액과는 다를 수 있습니다."
1일 전,A,"267,000",갤럭시 Z플립3 256GB,개봉,없음,없음,없음,없음,없음
1일 전,A,"570,000",아이폰 12 프로 맥스 256GB,개봉,없음,없음,없음,없음,없음
1일 전,D,"252,000",아이폰 12 프로 128GB,개봉,전면,없음,없음,없음,와이파이
1일 전,C,"384,000",아이폰 13 128GB,개봉,테두리,후면,없음,없음,없음
1일 전,C,"242,000",아이폰 12 128GB,개봉,테두리,테두리,없음,없음,없음
1일 전,F,"2,000",갤럭시 Z플립3 256GB,개봉,없음,테두리,LCD 파손,"전원, 터치","F급
판매 접수 시 입력한 단말기 상태를 바탕으로 산정한 등급이며, 검수 후 최종 산정된 등급이나 거래금액과는 다를 수 있습니다."
1일 전,D,"35,000",아이폰 8 64GB,개봉,"전면, 후면, 테두리","전면, 테두리",없음,없음,카메라
1일 전,A,"95,000",갤럭시 A32 64GB,개봉,없음,없음,없음,없음,없음
1일 전,B,"162,000",갤럭시 Z플립3 256GB,개봉,후면,없음,없음,없음,없음
1일 전,D,"202,000",아이폰 12 미니 256GB,개봉,전면,테두리,없음,없음,배터리성능저하
1일 전,B,"150,000",갤럭시 S10 플러스 128GB,개봉,테두리,없음,없음,없음,없음
1일 전,D,"142,000",아이폰 8 플러스 256GB,개봉,테두리,"전면, 테두리",없음,없음,없음
1일 전,B,"307,000",아이폰 XS Max 256GB,개봉,테두리,없음,없음,없음,없음
1일 전,D,"135,000",아이폰 XS 64GB,개봉,"전면, 테두리",없음,없음,없음,배터리성능저하
1일 전,D,"95,000",아이폰 X 64GB,개봉,"전면, 테두리","전면, 테두리",없음,없음,없음
1일 전,A,"247,000",갤럭시 노트20 256GB,개봉,없음,없음,없음,없음,없음
1일 전,D,"192,000",아이폰 12 64GB,개봉,"전면, 테두리",없음,없음,없음,배터리성능저하
1일 전,A,"400,000",갤럭시 S22 256GB,개봉,없음,없음,없음,없음,없음
1일 전,D,"207,000",아이폰 11 프로 64GB,개봉,"전면, 후면, 테두리","전면, 후면, 테두리",없음,없음,배터리성능저하
1일 전,D,"389,000",아이폰 12 프로 맥스 256GB,개봉,없음,"후면, 테두리",없음,없음,"배터리성능저하, 카메라"
1일 전,D,"322,000",아이폰 12 프로 128GB,개봉,없음,테두리,없음,없음,배터리성능저하
1일 전,D,"427,000",아이폰 13 프로 256GB,개봉,"후면, 테두리",없음,없음,없음,"카메라, 배터리성능저하"
1일 전,D,"292,000",아이폰 12 프로 128GB,개봉,테두리,전면,없음,없음,없음
1일 전,C,"130,000",갤럭시 노트 10 256GB,개봉,없음,테두리,없음,없음,없음
1일 전,D,"115,000",아이폰 8 플러스 64GB,개봉,"전면, 테두리","전면, 후면, 테두리",없음,없음,배터리성능저하
1일 전,A,"142,000",갤럭시 S10E 128GB,개봉,없음,없음,없음,없음,없음
1일 전,C,"114,000",갤럭시 S20 128GB,개봉,후면,후면,없음,없음,없음
1일 전,A,"460,000",아이폰 13 128GB,개봉,없음,없음,없음,없음,없음
1일 전,B,"102,000",갤럭시 S9 플러스 64GB,개봉,테두리,없음,없음,없음,없음
1일 전,A,"482,000",아이폰 12 프로 256GB,개봉,없음,없음,없음,없음,없음
1일 전,A,"175,000",아이폰 SE2 (2020) 256GB,개봉,없음,없음,없음,없음,없음
1일 전,A,"517,000",아이폰 12 프로 맥스 128GB,개봉,없음,없음,없음,없음,없음
1일 전,C,"187,000",아이폰 11 128GB,개봉,테두리,후면,LCD 파손,배터리성능저하,"E급
판매 접수 시 입력한 단말기 상태를 바탕으로 산정한 등급이며, 검수 후 최종 산정된 등급이나 거래금액과는 다를 수 있습니다."
1일 전,E,"67,000",아이폰 X 256GB,개봉,없음,없음,없음,없음,없음
1일 전,B,"102,000",갤럭시 S9 플러스 64GB,개봉,없음,없음,없음,없음,없음
1일 전,A,"460,000",아이폰 13 128GB,개봉,없음,없음,없음,없음,없음
1일 전,A,"460,000",아이폰 13 128GB,개봉,없음,없음,없음,없음,없음
1일 전,A,"460,000",아이폰 13 128GB,개봉,없음,없음,없음,없음,없음
1일 전,A,"460,000",아이폰 13 128GB,개봉,테두리,"전면, 후면",LCD 파손,배터리성능저하,"E급
판매 접수 시 입력한 단말기 상태를 바탕으로 산정한 등급이며, 검수 후 최종 산정된 등급이나 거래금액과는 다를 수 있습니다."
2일 전,A,"57,000",갤럭시 S7 엣지 32GB,개봉,없음,없음,없음,없음,없음
2일 전,A,"57,000",갤럭시 S7 엣지 32GB,개봉,테두리,테두리,없음,없음,배터리성능저하
2일 전,A,"57,000",갤럭시 S7 엣지 32GB,개봉,테두리,"전면, 후면",없음,없음,배터리성능저하
2일 전,A,"98,000",갤럭시 S9 64GB,개봉,없음,없음,없음,없음,없음
2일 전,A,"267,000",갤럭시 Z플립3 256GB,개봉,전면,후면,없음,없음,"카메라, 배터리성능저하"
2일 전,E,"155,000",아이폰 11 프로 256GB,개봉,전면,없음,없음,없음,없음
2일 전,A,"946,000",아이폰 14 프로맥스 128GB,개봉,없음,없음,없음,없음,없음
2일 전,D,"242,000",아이폰 12 128GB,개봉,테두리,테두리,없음,없음,없음
2일 전,D,"142,000",아이폰 XS 256GB,개봉,없음,후면,없음,없음,없음
2일 전,A,"52,000",갤럭시 노트 5 64GB,개봉,"전면, 테두리",전면,없음,없음,펜분실
2일 전,D,"417,000",아이폰 13 프로 256GB,개봉,"전면, 테두리","전면, 테두리",없음,없음,없음
2일 전,C,"227,000",아이폰 11 128GB,개봉,없음,없음,없음,없음,없음
2일 전,A,"457,000",아이폰 12 프로 256GB,개봉,"전면, 테두리","전면, 테두리",없음,없음,배터리성능저하
2일 전,C,"26,000",G7 ThinQ 64GB,개봉,없음,테두리,없음,없음,없음
2일 전,C,"130,000",갤럭시 노트 10 256GB,개봉,테두리,"전면, 테두리",없음,없음,배터리성능저하
2일 전,D,"90,000",갤럭시 노트 8 64GB,개봉,없음,후면,없음,없음,와이파이
2일 전,D,"329,000",아이폰 12 프로 256GB,개봉,테두리,후면,없음,없음,카메라
2일 전,A,"988,000",아이폰 15 프로 128GB,개봉,"전면, 후면, 테두리","후면, 테두리",없음,없음,카메라
2일 전,D,"292,000",아이폰 12 프로 128GB,개봉,없음,없음,없음,없음,없음
2일 전,C,"605,000",아이폰 13 프로맥스 256GB,개봉,전면,"후면, 테두리",없음,없음,배터리성능저하
2일 전,D,"292,000",아이폰 12 프로 128GB,개봉,전면,없음,없음,없음,없음
2일 전,D,"187,000",아이폰 11 프로 256GB,개봉,"전면, 테두리","전면, 테두리",없음,없음,없음
2일 전,D,"229,000",아이폰 12 프로 128GB,개봉,"전면, 테두리",없음,없음,없음,없음
2일 전,D,"345,000",아이폰 13 프로 128GB,개봉,테두리,테두리,없음,없음,배터리성능저하
2일 전,A,"견적
",갤럭시 Z플립 5G 256GB,개봉,테두리,후면,없음,없음,없음
2일 전,A,"견적
",갤럭시 노트 9 128GB,개봉,"전면, 후면, 테두리","전면, 후면, 테두리",없음,잔상있음,없음
2일 전,C,"267,000",아이폰 11 프로 256GB,개봉,테두리,테두리,없음,없음,없음
2일 전,C,"110,000",갤럭시 노트 9 128GB,개봉,테두리,전면,없음,없음,배터리성능저하
2일 전,C,"232,000",아이폰 12 프로 128GB,개봉,테두리,전면,LCD 파손,없음,"E급
판매 접수 시 입력한 단말기 상태를 바탕으로 산정한 등급이며, 검수 후 최종 산정된 등급이나 거래금액과는 다를 수 있습니다."
2일 전,D,"394,000",아이폰 13 128GB,개봉,테두리,후면,없음,없음,배터리성능저하
2일 전,C,"749,000",아이폰 14 프로 512GB,개봉,없음,없음,없음,없음,없음
2일 전,E,"57,000",아이폰 6S 플러스 64GB,개봉,없음,없음,없음,없음,없음
2일 전,C,"165,000",아이폰 XR 128GB,개봉,없음,없음,없음,없음,없음
2일 전,D,"130,000",아이폰 12 미니 64GB,개봉,없음,없음,없음,없음,없음
2일 전,E,"87,000",갤럭시 S20 울트라 256GB,개봉,없음,없음,없음,없음,없음
2일 전,D,"450,000",아이폰 13 프로 128GB,개봉,없음,없음,없음,없음,없음
2일 전,A,"800,000",아이폰 14 프로 128GB,개봉,없음,없음,없음,없음,없음
2일 전,A,"445,000",아이폰 12 프로 128GB,개봉,없음,없음,없음,없음,없음
2일 전,A,"165,000",갤럭시 A52S 128GB,개봉,"전면, 후면, 테두리","전면, 테두리",없음,없음,"터치, 배터리성능저하"
2일 전,A,"455,000",아이폰 11 프로 맥스 256GB,개봉,없음,없음,없음,없음,없음
2일 전,A,"480,000",갤럭시 S22 플러스 256GB,개봉,테두리,테두리,없음,없음,배터리성능저하
2일 전,E,"152,000",아이폰 11 프로 맥스 64GB,개봉,없음,"전면, 후면",없음,잔상있음,없음
2일 전,A,"725,000",갤럭시 S23 플러스 256GB,개봉,테두리,전면,없음,없음,배터리성능저하
2일 전,D,"242,000",아이폰 12 128GB,개봉,전면,전면,없음,잔상있음,없음
2일 전,E,"317,000",아이폰 13 프로맥스 128GB,개봉,"전면, 테두리",전면,없음,없음,없음
2일 전,D,"95,000",아이폰 X 64GB,개봉,테두리,없음,없음,없음,없음
2일 전,D,"242,000",아이폰 12 128GB,개봉,없음,없음,없음,없음,없음
2일 전,E,"317,000",아이폰 13 프로맥스 128GB,개봉,없음,없음,없음,없음,없음
2일 전,D,"95,000",아이폰 X 64GB,개봉,없음,없음,없음,없음,없음
2일 전,E,"95,000",갤럭시S21 256GB,개봉,전면,테두리,없음,없음,배터리성능저하
2일 전,D,"292,000",아이폰 12 프로 128GB,개봉,"전면, 후면, 테두리",테두리,없음,없음,없음
2일 전,E,"125,000",아이폰 11 프로 256GB,개봉,없음,후면,없음,없음,배터리성능저하
2일 전,B,"155,000",갤럭시 S10 5G 512GB,개봉,"전면, 후면, 테두리","전면, 후면, 테두리",LCD 파손,"터치, 배터리성능저하","E급
판매 접수 시 입력한 단말기 상태를 바탕으로 산정한 등급이며, 검수 후 최종 산정된 등급이나 거래금액과는 다를 수 있습니다."
2일 전,A,"75,000",아이폰 7 32GB,개봉,테두리,"전면, 후면",없음,없음,없음
2일 전,A,"172,000",갤럭시 Z플립 256GB,개봉,"전면, 후면, 테두리","전면, 후면, 테두리",없음,없음,배터리성능저하
2일 전,D,"349,000",아이폰 12 프로 256GB,개봉,"전면, 후면, 테두리","후면, 테두리",없음,없음,없음
2일 전,C,"2,000",갤럭시 J2 Pro 16GB,개봉,없음,없음,없음,없음,없음
2일 전,D,"322,000",아이폰 12 프로 128GB,개봉,"후면, 테두리",후면,LCD 파손,없음,"E급
판매 접수 시 입력한 단말기 상태를 바탕으로 산정한 등급이며, 검수 후 최종 산정된 등급이나 거래금액과는 다를 수 있습니다."
2일 전,E,"93,000",아이폰 12 128GB,개봉,테두리,없음,없음,없음,배터리성능저하
2일 전,C,"74,000",갤럭시 S8 플러스 64GB,개봉,전면,없음,없음,없음,없음
2일 전,D,"237,000",아이폰 11 프로 256GB,개봉,없음,없음,없음,없음,없음
2일 전,C,"123,000",갤럭시 노트 10 256GB,개봉,없음,없음,없음,없음,없음
2일 전,A,"156,000",아이폰 SE2 (2020) 128GB,개봉,테두리,없음,없음,없음,없음
2일 전,E,"60,000",아이폰 XS 64GB,개봉,테두리,없음,없음,없음,없음
2일 전,D,"98,000",아이폰 SE2 (2020) 128GB,개봉,테두리,없음,없음,없음,없음
2일 전,C,"791,000",아이폰 14 프로 256GB,미개봉,없음,없음,없음,없음,없음
2일 전,A,"400,000",갤럭시 노트20 울트라 256GB,개봉,"후면, 테두리","후면, 테두리",없음,없음,배터리성능저하
2일 전,B,"344,000",갤럭시S21 울트라 256GB,개봉,"후면, 테두리","후면, 테두리",없음,없음,배터리성능저하
2일 전,S,"911,000",갤럭시Z플립5 512GB,개봉,후면,"후면, 테두리",없음,없음,펜분실
2일 전,D,"322,000",아이폰 12 프로 128GB,개봉,"후면, 테두리",없음,없음,없음,배터리성능저하
2일 전,D,"1,000",갤럭시 노트 3 16GB,개봉,테두리,"전면, 후면, 테두리",없음,없음,배터리성능저하
2일 전,D,"520,000",아이폰 13 프로 256GB,개봉,없음,없음,없음,없음,배터리성능저하
2일 전,D,"108,000",아이폰 XS 64GB,개봉,없음,없음,없음,없음,배터리성능저하
2일 전,D,"359,000",아이폰 12 프로 256GB,개봉,없음,없음,없음,없음,없음
2일 전,D,"202,000",아이폰 12 미니 256GB,개봉,없음,테두리,없음,없음,없음
2일 전,A,"82,000",갤럭시 A22 128GB,개봉,테두리,없음,없음,없음,없음
2일 전,D,"108,000",아이폰 XS 64GB,개봉,"전면, 후면, 테두리",전면,없음,없음,배터리성능저하
2일 전,D,"359,000",아이폰 12 프로 256GB,개봉,테두리,테두리,LCD 파손,"계정잠김, 배터리성능저하","E급
판매 접수 시 입력한 단말기 상태를 바탕으로 산정한 등급이며, 검수 후 최종 산정된 등급이나 거래금액과는 다를 수 있습니다."
2일 전,D,"202,000",아이폰 12 미니 256GB,개봉,테두리,없음,없음,없음,없음
2일 전,A,"82,000",갤럭시 A22 128GB,개봉,후면,"전면, 테두리",없음,없음,없음
2일 전,C,"410,000",아이폰 13 미니 256GB,개봉,없음,없음,없음,없음,배터리성능저하
2일 전,B,"125,000",갤럭시 노트 9 128GB,개봉,없음,없음,없음,없음,배터리성능저하
2일 전,D,"35,000",아이폰 7 128GB,개봉,테두리,없음,없음,없음,없음
2일 전,E,"35,000",아이폰 13 미니 256GB,개봉,테두리,없음,없음,없음,없음
2일 전,B,"425,000",아이폰 12 프로 128GB,개봉,"후면, 테두리","후면, 테두리",없음,없음,배터리성능저하
2일 전,C,"68,000",갤럭시 A51 128GB,개봉,테두리,전면,없음,없음,없음
2일 전,D,"394,000",아이폰 13 128GB,개봉,없음,전면,없음,없음,없음
2일 전,B,"297,000",아이폰 12 128GB,개봉,"전면, 후면, 테두리",없음,없음,없음,없음
2일 전,D,"312,000",아이폰 12 프로 128GB,개봉,없음,전면,LCD 파손,없음,"E급
판매 접수 시 입력한 단말기 상태를 바탕으로 산정한 등급이며, 검수 후 최종 산정된 등급이나 거래금액과는 다를 수 있습니다."
2일 전,D,"247,000",아이폰 11 프로 256GB,개봉,"전면, 후면, 테두리",없음,없음,없음,없음
2일 전,D,"453,000",아이폰 13 프로 256GB,개봉,후면,"전면, 테두리",없음,없음,배터리성능저하
2일 전,C,"27,000",아이폰 6S 32GB,개봉,후면,"전면, 테두리",없음,없음,배터리성능저하
2일 전,E,"4,000",갤럭시 S8 64GB,개봉,없음,없음,없음,없음,없음
2일 전,C,"27,000",아이폰 6S 32GB,개봉,없음,"전면, 후면",LCD 파손,터치,"E급
판매 접수 시 입력한 단말기 상태를 바탕으로 산정한 등급이며, 검수 후 최종 산정된 등급이나 거래금액과는 다를 수 있습니다."
2일 전,D,"170,000",아이폰 12 64GB,개봉,전면,테두리,없음,없음,"전원, 충전, 배터리성능저하"
2일 전,A,"83,000",갤럭시 S8 64GB,개봉,전면,"전면, 테두리",없음,없음,배터리성능저하
2일 전,D,"170,000",아이폰 12 64GB,개봉,없음,없음,LCD 파손,없음,"E급
판매 접수 시 입력한 단말기 상태를 바탕으로 산정한 등급이며, 검수 후 최종 산정된 등급이나 거래금액과는 다를 수 있습니다."
2일 전,A,"83,000",갤럭시 S8 64GB,개봉,"후면, 테두리",테두리,없음,없음,"카메라, 배터리성능저하"
2일 전,E,"32,000",갤럭시 노트 10 플러스 256GB,개봉,"후면, 테두리",테두리,없음,없음,"카메라, 배터리성능저하"
2일 전,F,"25,000",아이폰 12 미니 64GB,개봉,"전면, 후면, 테두리","전면, 후면, 테두리",없음,없음,"배터리성능저하, 생체인식"
2일 전,D,"197,000",아이폰 11 프로 64GB,개봉,없음,"전면, 테두리",없음,없음,없음
2일 전,D,"322,000",아이폰 12 프로 맥스 128GB,개봉,"후면, 테두리",테두리,없음,없음,배터리성능저하
2일 전,E,"57,000",아이폰 XS 64GB,개봉,테두리,테두리,없음,없음,배터리성능저하
2일 전,D,"103,000",아이폰 11 128GB,개봉,없음,없음,없음,없음,"생체인식, 배터리성능저하"
2일 전,D,"242,000",아이폰 12 프로 128GB,개봉,"전면, 테두리",전면,없음,없음,없음
2일 전,D,"162,000",아이폰 11 64GB,개봉,"전면, 후면, 테두리","전면, 후면",없음,없음,배터리성능저하
2일 전,D,"162,000",아이폰 11 64GB,개봉,테두리,없음,LCD 파손,"카메라, 배터리성능저하, 스피커, 마이크, 진동","E급
판매 접수 시 입력한 단말기 상태를 바탕으로 산정한 등급이며, 검수 후 최종 산정된 등급이나 거래금액과는 다를 수 있습니다."
2일 전,D,"105,000",아이폰 SE2 (2020) 128GB,개봉,테두리,없음,LCD 파손,"카메라, 배터리성능저하, 스피커, 마이크, 진동","E급
판매 접수 시 입력한 단말기 상태를 바탕으로 산정한 등급이며, 검수 후 최종 산정된 등급이나 거래금액과는 다를 수 있습니다."
2일 전,D,"257,000",아이폰 11 프로 256GB,개봉,"전면, 후면, 테두리","전면, 후면",없음,없음,배터리성능저하
2일 전,D,"22,000",아이폰 7 32GB,개봉,"전면, 후면, 테두리","전면, 후면",없음,없음,배터리성능저하
2일 전,D,"95,000",아이폰 SE2 (2020) 128GB,개봉,테두리,없음,LCD 파손,"카메라, 배터리성능저하, 스피커, 마이크, 진동","E급
판매 접수 시 입력한 단말기 상태를 바탕으로 산정한 등급이며, 검수 후 최종 산정된 등급이나 거래금액과는 다를 수 있습니다."
2일 전,D,"339,000",아이폰 12 프로 256GB,개봉,전면,없음,없음,없음,없음
2일 전,E,"137,000",아이폰 11 프로 맥스 256GB,개봉,전면,전면,LCD 파손,없음,"E급
판매 접수 시 입력한 단말기 상태를 바탕으로 산정한 등급이며, 검수 후 최종 산정된 등급이나 거래금액과는 다를 수 있습니다."
2일 전,C,"775,000",아이폰 14 프로 256GB,개봉,전면,"후면, 테두리",없음,없음,배터리성능저하
2일 전,E,"45,000",갤럭시 S20 128GB,개봉,"전면, 후면, 테두리","전면, 후면, 테두리",LCD 파손,"터치, 카메라, 생체인식","E급
판매 접수 시 입력한 단말기 상태를 바탕으로 산정한 등급이며, 검수 후 최종 산정된 등급이나 거래금액과는 다를 수 있습니다."
2일 전,D,"242,000",아이폰 12 128GB,개봉,"전면, 후면, 테두리","전면, 후면, 테두리",LCD 파손,"터치, 카메라, 생체인식","E급
판매 접수 시 입력한 단말기 상태를 바탕으로 산정한 등급이며, 검수 후 최종 산정된 등급이나 거래금액과는 다를 수 있습니다."
2일 전,E,"137,000",아이폰 11 프로 맥스 256GB,개봉,전면,"후면, 테두리",없음,없음,배터리성능저하
2일 전,C,"775,000",아이폰 14 프로 256GB,개봉,없음,없음,없음,없음,없음
2일 전,E,"45,000",갤럭시 S20 128GB,개봉,"전면, 후면",테두리,없음,없음,"배터리성능저하, 스피커, 마이크, 진동"
2일 전,D,"242,000",아이폰 12 128GB,개봉,전면,전면,LCD 파손,와이파이,"E급
판매 접수 시 입력한 단말기 상태를 바탕으로 산정한 등급이며, 검수 후 최종 산정된 등급이나 거래금액과는 다를 수 있습니다."
2일 전,E,"83,000",갤럭시 노트20 울트라 256GB,개봉,"전면, 후면, 테두리","전면, 후면, 테두리",없음,없음,배터리성능저하
2일 전,D,"207,000",아이폰 11 128GB,개봉,"전면, 후면, 테두리","전면, 후면, 테두리",없음,없음,배터리성능저하
2일 전,A,"274,000",갤럭시S21 256GB,개봉,"후면, 테두리",후면,없음,없음,없음
2일 전,E,"93,000",아이폰 12 미니 64GB,개봉,없음,없음,없음,없음,없음
2일 전,E,"37,000",아이폰 12 128GB,개봉,없음,없음,없음,없음,없음
2일 전,D,"339,000",아이폰 11 프로 맥스 256GB,개봉,없음,테두리,없음,없음,없음
2일 전,D,"339,000",아이폰 11 프로 맥스 256GB,개봉,"전면, 후면, 테두리","전면, 후면, 테두리",LCD 파손,"터치, 스피커, 마이크, 진동","E급
판매 접수 시 입력한 단말기 상태를 바탕으로 산정한 등급이며, 검수 후 최종 산정된 등급이나 거래금액과는 다를 수 있습니다."
2일 전,C,"142,000",갤럭시 폴드 512GB,개봉,전면,전면,LCD 파손,터치,"E급
판매 접수 시 입력한 단말기 상태를 바탕으로 산정한 등급이며, 검수 후 최종 산정된 등급이나 거래금액과는 다를 수 있습니다."
2일 전,A,"견적
",아이폰 12 미니 256GB,개봉,"전면, 후면, 테두리","전면, 후면, 테두리",없음,없음,배터리성능저하
2일 전,C,"207,000",아이폰 11 128GB,개봉,"전면, 테두리",없음,없음,없음,없음
2일 전,E,"75,000",갤럭시 Z폴드3 512GB,개봉,후면,없음,LCD 파손,"터치, 계정잠김","E급
판매 접수 시 입력한 단말기 상태를 바탕으로 산정한 등급이며, 검수 후 최종 산정된 등급이나 거래금액과는 다를 수 있습니다."
2일 전,E,"47,000",갤럭시Z플립4 512GB,개봉,테두리,테두리,LCD 파손,없음,"E급
판매 접수 시 입력한 단말기 상태를 바탕으로 산정한 등급이며, 검수 후 최종 산정된 등급이나 거래금액과는 다를 수 있습니다."
2일 전,D,"212,000",아이폰 12 128GB,개봉,테두리,테두리,없음,없음,배터리성능저하
2일 전,C,"394,000",아이폰 12 프로 256GB,개봉,테두리,없음,없음,없음,없음
2일 전,E,"15,000",아이폰 X 64GB,개봉,없음,없음,없음,없음,없음
2일 전,E,"1,000",옵티머스 G 뷰2 32GB,개봉,"전면, 후면, 테두리","후면, 테두리",없음,없음,카메라
2일 전,E,"15,000",아이폰 X 64GB,개봉,"전면, 후면, 테두리","후면, 테두리",없음,없음,카메라
2일 전,E,"1,000",옵티머스 G 뷰2 32GB,개봉,테두리,전면,없음,잔상있음,없음
2일 전,D,"192,000",아이폰 12 64GB,개봉,"전면, 후면, 테두리",후면,없음,잔상있음,없음
2일 전,B,"610,000",아이폰 13 프로 256GB,개봉,"전면, 후면, 테두리","전면, 후면, 테두리",LCD 파손,없음,"E급
판매 접수 시 입력한 단말기 상태를 바탕으로 산정한 등급이며, 검수 후 최종 산정된 등급이나 거래금액과는 다를 수 있습니다."
2일 전,A,"40,000",갤럭시 A10e 32GB,개봉,없음,없음,없음,없음,없음
2일 전,D,"502,000",아이폰 14 프로 128GB,개봉,없음,테두리,없음,없음,없음
2일 전,E,"64,000",갤럭시 S9 플러스 256GB,개봉,없음,테두리,없음,없음,없음
2일 전,E,"67,000",갤럭시 노트 9 512GB,개봉,없음,테두리,없음,없음,없음
2일 전,E,"57,000",아이폰 12 64GB,개봉,없음,없음,없음,없음,배터리성능저하
2일 전,A,"215,000",아이패드 미니 6세대 Wifi 64GB,개봉,"전면, 후면, 테두리",테두리,없음,없음,배터리성능저하
2일 전,A,"215,000",아이패드 미니 6세대 Wifi 64GB,개봉,"전면, 후면, 테두리",테두리,없음,없음,배터리성능저하
2일 전,C,"110,000",갤럭시 노트 9 128GB,개봉,테두리,"후면, 테두리",없음,없음,배터리성능저하
2일 전,C,"98,000",아이폰 SE2 (2020) 128GB,개봉,없음,없음,없음,없음,카메라
2일 전,D,"182,000",아이폰 12 미니 128GB,개봉,없음,없음,없음,없음,카메라
2일 전,D,"227,000",아이폰 11 프로 64GB,개봉,없음,없음,없음,없음,없음
2일 전,D,"415,000",아이폰 13 프로 128GB,개봉,없음,없음,없음,없음,없음
2일 전,D,"339,000",아이폰 12 프로 맥스 128GB,개봉,"전면, 후면, 테두리","전면, 후면, 테두리",없음,없음,"와이파이, 배터리성능저하"
2일 전,A,"495,000",아이폰 12 프로 256GB,개봉,"전면, 후면, 테두리","전면, 후면, 테두리",없음,없음,"와이파이, 배터리성능저하"
2일 전,D,"142,000",아이폰 11 프로 64GB,개봉,"후면, 테두리","후면, 테두리",없음,없음,"배터리성능저하, 스피커, 마이크, 진동"
2일 전,E,"175,000",아이폰 11 128GB,개봉,없음,테두리,없음,없음,배터리성능저하
2일 전,A,"495,000",아이폰 12 프로 256GB,개봉,테두리,"전면, 테두리",없음,없음,"카메라, 배터리성능저하"
2일 전,D,"142,000",아이폰 11 프로 64GB,개봉,없음,없음,없음,없음,와이파이
2일 전,E,"175,000",아이폰 11 128GB,개봉,테두리,후면,없음,없음,없음
2일 전,D,"447,000",아이폰 13 256GB,개봉,후면,"전면, 테두리",없음,없음,없음
2일 전,D,"167,000",아이폰 11 프로 64GB,개봉,테두리,없음,없음,없음,없음
2일 전,D,"130,000",아이폰 12 미니 128GB,개봉,테두리,전면,없음,없음,배터리성능저하
2일 전,C,"257,000",아이폰 13 미니 128GB,개봉,없음,전면,LCD 파손,없음,"E급
판매 접수 시 입력한 단말기 상태를 바탕으로 산정한 등급이며, 검수 후 최종 산정된 등급이나 거래금액과는 다를 수 있습니다."
2일 전,D,"237,000",아이폰 11 프로 256GB,개봉,테두리,전면,없음,없음,없음
2일 전,B,"45,000",아이폰 SE 64GB,개봉,없음,없음,없음,없음,없음
2일 전,D,"83,000",아이폰 SE2 (2020) 128GB,개봉,테두리,테두리,없음,없음,카메라
2일 전,B,"45,000",아이폰 SE 64GB,개봉,없음,없음,없음,없음,없음
2일 전,D,"83,000",아이폰 SE2 (2020) 128GB,개봉,없음,없음,없음,없음,없음
2일 전,E,"123,000",갤럭시S21 울트라 256GB,개봉,"후면, 테두리","후면, 테두리",없음,없음,배터리성능저하
3일 전,D,"197,000",아이폰 XS Max 256GB,개봉,전면,없음,없음,없음,없음
3일 전,A,"354,000",아이폰 12 128GB,개봉,테두리,없음,LCD 파손,"터치, 전원","F급
판매 접수 시 입력한 단말기 상태를 바탕으로 산정한 등급이며, 검수 후 최종 산정된 등급이나 거래금액과는 다를 수 있습니다."
3일 전,C,"42,000",갤럭시 A80 128GB,개봉,전면,전면,LCD 파손,터치,"E급
판매 접수 시 입력한 단말기 상태를 바탕으로 산정한 등급이며, 검수 후 최종 산정된 등급이나 거래금액과는 다를 수 있습니다."
3일 전,C,"110,000",갤럭시 노트 9 128GB,개봉,전면,전면,LCD 파손,터치,"E급
판매 접수 시 입력한 단말기 상태를 바탕으로 산정한 등급이며, 검수 후 최종 산정된 등급이나 거래금액과는 다를 수 있습니다."
3일 전,C,"257,000",아이폰 11 프로 256GB,개봉,없음,없음,없음,없음,없음
3일 전,A,"257,000",아이패드 9세대 Wifi 256GB,개봉,전면,없음,없음,없음,배터리성능저하
3일 전,A,"267,000",갤럭시 Z플립3 256GB,개봉,없음,전면,없음,없음,없음
3일 전,F,"1,000",갤럭시 S9 64GB,개봉,"전면, 후면, 테두리","전면, 후면, 테두리",LCD 파손,없음,"E급
판매 접수 시 입력한 단말기 상태를 바탕으로 산정한 등급이며, 검수 후 최종 산정된 등급이나 거래금액과는 다를 수 있습니다."
3일 전,E,"45,000",갤럭시 S20 플러스 256GB,개봉,없음,없음,없음,없음,없음
3일 전,A,"344,000",갤럭시Z플립4 512GB,개봉,없음,없음,없음,없음,없음
3일 전,D,"192,000",아이폰 12 미니 128GB,개봉,테두리,테두리,없음,없음,없음
3일 전,D,"339,000",아이폰 11 프로 맥스 256GB,개봉,테두리,테두리,없음,없음,없음
3일 전,E,"40,000",아이폰 X 256GB,개봉,테두리,테두리,없음,없음,없음
3일 전,A,"207,000",갤럭시 S10 5G 256GB,개봉,없음,없음,없음,없음,배터리성능저하
3일 전,A,"225,000",갤럭시 노트20 256GB,개봉,"전면, 테두리",후면,없음,없음,"카메라, 배터리성능저하"
3일 전,C,"289,000",갤럭시 노트20 울트라 256GB,개봉,없음,없음,없음,없음,없음
3일 전,D,"460,000",아이폰 13 256GB,개봉,"전면, 후면",없음,없음,없음,없음
3일 전,C,"289,000",갤럭시 노트20 울트라 256GB,개봉,테두리,후면,없음,없음,배터리성능저하
3일 전,D,"460,000",아이폰 13 256GB,개봉,없음,없음,없음,없음,배터리성능저하
3일 전,D,"349,000",아이폰 12 프로 맥스 128GB,개봉,테두리,없음,없음,없음,없음
3일 전,A,"287,000",애플워치 8시리즈 45mm 셀룰러 32GB,개봉,없음,없음,없음,없음,없음
3일 전,B,"162,000",갤럭시 S10 5G 256GB,개봉,전면,테두리,없음,없음,없음
3일 전,D,"420,000",아이폰 12 프로 256GB,개봉,"전면, 후면, 테두리","전면, 후면, 테두리",없음,없음,없음
3일 전,D,"394,000",아이폰 13 128GB,개봉,후면,테두리,없음,없음,배터리성능저하
3일 전,B,"207,000",갤럭시S21 256GB,개봉,"전면, 후면, 테두리","전면, 테두리",LCD 파손,터치,"E급
판매 접수 시 입력한 단말기 상태를 바탕으로 산정한 등급이며, 검수 후 최종 산정된 등급이나 거래금액과는 다를 수 있습니다."
3일 전,A,"279,000",아이폰 11 프로 64GB,개봉,"전면, 테두리","전면, 테두리",없음,없음,없음
3일 전,C,"270,000",갤럭시 S20 울트라 256GB,개봉,"전면, 후면","전면, 테두리",LCD 파손,없음,"E급
판매 접수 시 입력한 단말기 상태를 바탕으로 산정한 등급이며, 검수 후 최종 산정된 등급이나 거래금액과는 다를 수 있습니다."
3일 전,C,"790,000",아이폰 14 프로맥스 128GB,개봉,"전면, 테두리",테두리,없음,없음,배터리성능저하
3일 전,D,"105,000",아이폰 SE3 (2022) 64GB,개봉,전면,전면,없음,없음,없음
3일 전,D,"267,000",아이폰 11 프로 256GB,개봉,전면,전면,없음,없음,없음
3일 전,E,"5,000",갤럭시 S8 64GB,개봉,"전면, 테두리",전면,없음,없음,배터리성능저하
3일 전,D,"292,000",아이폰 12 프로 128GB,개봉,"후면, 테두리","후면, 테두리",없음,없음,없음
3일 전,E,"52,000",갤럭시 Z폴드2 256GB,개봉,"후면, 테두리",테두리,없음,없음,배터리성능저하
3일 전,D,"166,000",아이폰 11 64GB,개봉,테두리,없음,없음,없음,없음
3일 전,C,"130,000",갤럭시 S10 5G 256GB,개봉,테두리,없음,없음,없음,없음
3일 전,D,"108,000",아이폰 XS 64GB,개봉,테두리,없음,없음,없음,배터리성능저하
3일 전,C,"70,000",갤럭시 A31 64GB,개봉,없음,없음,없음,없음,없음
3일 전,C,"70,000",갤럭시 A31 64GB,개봉,"전면, 테두리","전면, 테두리",없음,없음,배터리성능저하
3일 전,D,"419,000",아이폰 12 프로 맥스 128GB,개봉,없음,없음,없음,없음,없음
3일 전,B,"297,000",아이폰 12 128GB,개봉,없음,전면,없음,없음,터치
3일 전,D,"419,000",아이폰 12 프로 맥스 128GB,개봉,없음,전면,없음,없음,터치
3일 전,A,"520,000",갤럭시 Z폴드3 256GB,개봉,없음,"전면, 테두리",없음,없음,배터리성능저하
3일 전,D,"168,000",아이폰 11 128GB,개봉,"후면, 테두리",없음,없음,없음,없음
3일 전,A,"217,000",갤럭시 S10 5G 512GB,개봉,없음,없음,없음,없음,없음
3일 전,E,"172,000",아이폰 11 프로 512GB,개봉,"전면, 후면, 테두리","전면, 후면",없음,없음,없음
3일 전,D,"349,000",아이폰 12 프로 512GB,개봉,테두리,후면,없음,없음,없음
3일 전,D,"212,000",아이폰 12 128GB,개봉,"전면, 테두리",전면,없음,없음,터치
3일 전,D,"349,000",아이폰 12 프로 512GB,개봉,테두리,"전면, 후면",없음,없음,없음
3일 전,D,"212,000",아이폰 12 128GB,개봉,"전면, 후면, 테두리","전면, 후면, 테두리",없음,없음,배터리성능저하
3일 전,C,"12,000",갤럭시 A8 (2018) 32GB,개봉,없음,없음,없음,없음,없음
3일 전,B,"80,000",갤럭시 A32 64GB,개봉,없음,없음,없음,잔상있음,없음
3일 전,A,"274,000",갤럭시S21 256GB,개봉,없음,없음,없음,잔상있음,없음
3일 전,D,"680,000",아이폰 14 프로 256GB,개봉,없음,전면,없음,없음,없음
3일 전,C,"128,000",아이폰 XR 64GB,개봉,없음,전면,없음,없음,없음
3일 전,E,"77,000",아이폰 XS 256GB,개봉,전면,"전면, 후면",LCD 파손,터치,"E급
판매 접수 시 입력한 단말기 상태를 바탕으로 산정한 등급이며, 검수 후 최종 산정된 등급이나 거래금액과는 다를 수 있습니다."
3일 전,C,"265,000",갤럭시 S22 256GB,개봉,없음,후면,LCD 파손,없음,"E급
판매 접수 시 입력한 단말기 상태를 바탕으로 산정한 등급이며, 검수 후 최종 산정된 등급이나 거래금액과는 다를 수 있습니다."
3일 전,D,"329,000",아이폰 11 프로 맥스 256GB,개봉,없음,후면,LCD 파손,없음,"E급
판매 접수 시 입력한 단말기 상태를 바탕으로 산정한 등급이며, 검수 후 최종 산정된 등급이나 거래금액과는 다를 수 있습니다."
3일 전,E,"137,000",갤럭시 노트 10 플러스 512GB,개봉,전면,전면,없음,잔상있음,없음
3일 전,C,"490,000",갤럭시 S22 울트라 256GB,개봉,"후면, 테두리",후면,없음,없음,없음
3일 전,D,"302,000",아이폰 12 프로 128GB,개봉,"전면, 후면, 테두리","전면, 후면, 테두리",없음,없음,터치
3일 전,E,"34,000",갤럭시 노트 10 플러스 512GB,개봉,"전면, 테두리","전면, 테두리",없음,없음,배터리성능저하
3일 전,E,"187,000",아이폰 13 프로 256GB,개봉,없음,"전면, 테두리",없음,없음,펜분실
3일 전,E,"137,000",아이폰 XS Max 256GB,개봉,없음,테두리,없음,없음,배터리성능저하
3일 전,C,"108,000",아이폰 X 64GB,개봉,"전면, 후면, 테두리","전면, 후면, 테두리",LCD 파손,없음,"E급
판매 접수 시 입력한 단말기 상태를 바탕으로 산정한 등급이며, 검수 후 최종 산정된 등급이나 거래금액과는 다를 수 있습니다."
3일 전,E,"112,000",아이폰 11 프로 64GB,개봉,"전면, 후면, 테두리","전면, 후면, 테두리",LCD 파손,없음,"E급
판매 접수 시 입력한 단말기 상태를 바탕으로 산정한 등급이며, 검수 후 최종 산정된 등급이나 거래금액과는 다를 수 있습니다."
3일 전,D,"339,000",아이폰 12 프로 256GB,개봉,"전면, 후면, 테두리","전면, 후면, 테두리",LCD 파손,"터치, 전원","F급
판매 접수 시 입력한 단말기 상태를 바탕으로 산정한 등급이며, 검수 후 최종 산정된 등급이나 거래금액과는 다를 수 있습니다."
3일 전,D,"83,000",갤럭시 노트 8 64GB,개봉,"전면, 후면, 테두리",후면,없음,없음,배터리성능저하
3일 전,D,"83,000",갤럭시 노트 8 64GB,개봉,없음,후면,없음,없음,없음
3일 전,D,"192,000",아이폰 12 미니 128GB,개봉,"전면, 후면, 테두리","전면, 후면, 테두리",없음,없음,없음
3일 전,C,"500,000",아이폰 14 플러스 128GB,개봉,"전면, 후면, 테두리","전면, 후면, 테두리",없음,없음,없음
3일 전,E,"65,000",아이폰 SE2 (2020) 128GB,개봉,"전면, 후면, 테두리","전면, 후면, 테두리",없음,잔상있음,배터리성능저하
3일 전,D,"302,000",아이폰 12 프로 128GB,개봉,전면,없음,없음,없음,없음
3일 전,E,"93,000",아이폰 XR 128GB,개봉,전면,없음,없음,없음,없음
3일 전,F,"7,000",갤럭시 S22 플러스 256GB,개봉,"전면, 테두리",전면,LCD 파손,카메라,"E급
판매 접수 시 입력한 단말기 상태를 바탕으로 산정한 등급이며, 검수 후 최종 산정된 등급이나 거래금액과는 다를 수 있습니다."
3일 전,D,"322,000",아이폰 12 프로 128GB,개봉,"후면, 테두리",테두리,없음,없음,배터리성능저하
3일 전,C,"168,000",갤럭시S21 플러스 256GB,개봉,"후면, 테두리",테두리,없음,없음,배터리성능저하
3일 전,C,"78,000",갤럭시 S8 플러스 64GB,개봉,"후면, 테두리",테두리,없음,없음,배터리성능저하
3일 전,C,"215,000",아이폰 11 프로 64GB,개봉,없음,"전면, 테두리",없음,없음,없음
3일 전,E,"37,000",아이폰 XR 64GB,개봉,없음,없음,없음,없음,없음
3일 전,D,"312,000",아이폰 12 프로 128GB,개봉,테두리,"후면, 테두리",없음,없음,배터리성능저하
3일 전,D,"161,000",아이폰 12 미니 128GB,개봉,없음,전면,없음,없음,없음
3일 전,A,"495,000",아이폰 12 프로 256GB,개봉,없음,전면,없음,없음,없음
3일 전,D,"152,000",아이폰 11 128GB,개봉,없음,전면,없음,없음,없음
3일 전,D,"142,000",아이폰 XS 256GB,개봉,테두리,없음,없음,없음,없음
3일 전,B,"497,000",아이폰 13 256GB,개봉,전면,테두리,없음,없음,없음
3일 전,C,"102,000",갤럭시 S9 플러스 64GB,개봉,전면,전면,없음,없음,없음
3일 전,D,"399,000",아이폰 12 프로 맥스 128GB,개봉,없음,전면,없음,없음,없음
3일 전,D,"142,000",아이폰 XS 256GB,개봉,"전면, 후면, 테두리","전면, 후면, 테두리",없음,없음,없음
3일 전,B,"497,000",아이폰 13 256GB,개봉,전면,전면,LCD 파손,터치,"E급
판매 접수 시 입력한 단말기 상태를 바탕으로 산정한 등급이며, 검수 후 최종 산정된 등급이나 거래금액과는 다를 수 있습니다."
3일 전,C,"102,000",갤럭시 S9 플러스 64GB,개봉,전면,전면,없음,없음,없음
3일 전,D,"399,000",아이폰 12 프로 맥스 128GB,개봉,"전면, 후면, 테두리","전면, 후면, 테두리",LCD 파손,"생체인식, 배터리성능저하, 터치","E급
판매 접수 시 입력한 단말기 상태를 바탕으로 산정한 등급이며, 검수 후 최종 산정된 등급이나 거래금액과는 다를 수 있습니다."
3일 전,D,"192,000",아이폰 12 미니 128GB,개봉,전면,전면,없음,없음,없음
3일 전,C,"172,000",갤럭시S21 256GB,개봉,테두리,테두리,없음,없음,배터리성능저하
3일 전,D,"826,000",아이폰 14 프로맥스 256GB,개봉,테두리,"전면, 후면, 테두리",없음,없음,"카메라, 배터리성능저하"
3일 전,C,"13,000",갤럭시 S7 엣지 128GB,개봉,테두리,후면,없음,없음,배터리성능저하
3일 전,E,"76,000",갤럭시 S20 울트라 256GB,개봉,없음,없음,LCD 파손,"생체인식, 배터리성능저하","E급
판매 접수 시 입력한 단말기 상태를 바탕으로 산정한 등급이며, 검수 후 최종 산정된 등급이나 거래금액과는 다를 수 있습니다."
3일 전,D,"88,000",아이폰 SE2 (2020) 128GB,개봉,없음,테두리,없음,없음,배터리성능저하
3일 전,C,"72,000",갤럭시 A51 128GB,개봉,"전면, 후면, 테두리","후면, 테두리",없음,없음,배터리성능저하
3일 전,D,"71,000",아이폰 SE2 (2020) 64GB,개봉,없음,없음,없음,없음,배터리성능저하
3일 전,D,"317,000",아이폰 13 256GB,개봉,후면,테두리,없음,없음,없음
3일 전,D,"267,000",아이폰 11 프로 256GB,개봉,없음,없음,없음,없음,없음
3일 전,E,"77,000",아이폰 12 128GB,개봉,없음,없음,없음,없음,없음
3일 전,D,"394,000",아이폰 13 128GB,개봉,"전면, 후면, 테두리","전면, 후면, 테두리",LCD 파손,"생체인식, 배터리성능저하, 터치","E급
판매 접수 시 입력한 단말기 상태를 바탕으로 산정한 등급이며, 검수 후 최종 산정된 등급이나 거래금액과는 다를 수 있습니다."
3일 전,D,"244,000",아이폰 13 미니 128GB,개봉,전면,전면,없음,없음,없음
3일 전,D,"322,000",아이폰 12 프로 128GB,개봉,테두리,테두리,없음,없음,배터리성능저하
3일 전,C,"128,000",아이폰 XR 64GB,개봉,전면,전면,없음,없음,없음
3일 전,A,"440,000",갤럭시 Z폴드2 256GB,개봉,없음,전면,없음,없음,없음
3일 전,A,"440,000",갤럭시 Z폴드2 256GB,개봉,"전면, 후면, 테두리","전면, 후면, 테두리",없음,없음,없음
3일 전,C,"72,000",갤럭시 A51 128GB,개봉,전면,전면,LCD 파손,터치,"E급
판매 접수 시 입력한 단말기 상태를 바탕으로 산정한 등급이며, 검수 후 최종 산정된 등급이나 거래금액과는 다를 수 있습니다."
3일 전,D,"71,000",아이폰 SE2 (2020) 64GB,개봉,전면,전면,없음,없음,없음
3일 전,D,"317,000",아이폰 13 256GB,개봉,"전면, 후면, 테두리","전면, 후면, 테두리",LCD 파손,"생체인식, 배터리성능저하, 터치","E급
판매 접수 시 입력한 단말기 상태를 바탕으로 산정한 등급이며, 검수 후 최종 산정된 등급이나 거래금액과는 다를 수 있습니다."
3일 전,D,"267,000",아이폰 11 프로 256GB,개봉,전면,전면,없음,없음,없음
3일 전,D,"192,000",아이폰 12 미니 128GB,개봉,테두리,테두리,없음,없음,배터리성능저하
3일 전,D,"399,000",아이폰 12 프로 맥스 128GB,개봉,테두리,테두리,없음,없음,배터리성능저하
3일 전,C,"172,000",갤럭시S21 256GB,개봉,테두리,"전면, 후면",없음,없음,생체인식
3일 전,D,"826,000",아이폰 14 프로맥스 256GB,개봉,"전면, 테두리",전면,없음,없음,없음
3일 전,C,"13,000",갤럭시 S7 엣지 128GB,개봉,테두리,후면,없음,없음,터치
3일 전,E,"76,000",갤럭시 S20 울트라 256GB,개봉,전면,전면,없음,없음,없음
3일 전,D,"88,000",아이폰 SE2 (2020) 128GB,개봉,"후면, 테두리",테두리,없음,없음,배터리성능저하
3일 전,E,"93,000",아이폰 11 128GB,개봉,"전면, 후면, 테두리","전면, 후면",없음,없음,카메라
3일 전,C,"72,000",갤럭시 A51 128GB,개봉,없음,없음,없음,없음,없음
3일 전,D,"71,000",아이폰 SE2 (2020) 64GB,개봉,"전면, 후면, 테두리","전면, 후면, 테두리",없음,없음,"생체인식, 배터리성능저하"
3일 전,D,"317,000",아이폰 13 256GB,개봉,테두리,테두리,없음,없음,없음
3일 전,E,"14,000",갤럭시 Z플립3 256GB,개봉,테두리,테두리,없음,없음,배터리성능저하
3일 전,D,"187,000",아이폰 11 128GB,개봉,"후면, 테두리",테두리,없음,없음,배터리성능저하
3일 전,C,"102,000",갤럭시 A52S 128GB,개봉,"전면, 후면, 테두리","전면, 후면",없음,없음,카메라
3일 전,E,"210,000",아이폰 12 프로 256GB,개봉,없음,없음,없음,없음,없음
3일 전,D,"305,000",아이폰 11 프로 256GB,개봉,"전면, 후면, 테두리","전면, 후면, 테두리",없음,없음,"생체인식, 배터리성능저하"
3일 전,D,"349,000",아이폰 12 프로 256GB,개봉,"전면, 후면, 테두리","전면, 후면, 테두리",없음,없음,"생체인식, 배터리성능저하"
3일 전,D,"92,000",아이폰 SE3 (2022) 128GB,개봉,테두리,테두리,없음,없음,없음
3일 전,A,"495,000",아이폰 12 프로 256GB,개봉,없음,없음,없음,없음,없음
3일 전,D,"115,000",아이폰 XS 256GB,개봉,없음,후면,없음,없음,없음
